sample_id,country,R0,gen_time,p_det,false_positive_rate,earliest_detection_time,earliest_surveillance_type,local_cases_at_detection,total_latent,total_infectious,total_detectable
1,Switzerland,2.0,4.0,0.08,0.04,34.0,AWW,243.0,885.0,839.0,1826.0
2,Switzerland,2.0,4.0,0.08,0.04,27.0,AWW,164.0,833.0,787.0,1761.0
3,Switzerland,2.0,4.0,0.08,0.04,31.0,AWW,231.0,850.0,807.0,1781.0
4,Switzerland,2.0,4.0,0.08,0.04,37.0,AWW,1019.0,852.0,795.0,1778.0
5,Switzerland,2.0,4.0,0.08,0.04,35.0,AWW,709.0,873.0,813.0,1711.0
6,Switzerland,2.0,4.0,0.08,0.04,34.0,AWW,284.0,848.0,824.0,1755.0
7,Switzerland,2.0,4.0,0.08,0.04,32.0,AWW,334.0,829.0,781.0,1760.0
8,Switzerland,2.0,4.0,0.08,0.04,26.501000218526794,ICU,60.0,835.0,811.0,1772.0
9,Switzerland,2.0,4.0,0.08,0.04,23.472940109313658,ICU,58.0,863.0,760.0,1776.0
10,Switzerland,2.0,4.0,0.08,0.04,29.500000059268707,HARISS,283.0,909.0,811.0,1709.0
11,Switzerland,2.0,4.0,0.08,0.04,27.47324639423493,ICU,371.0,821.0,747.0,1740.0
12,Switzerland,2.0,4.0,0.08,0.04,31.0,AWW,593.0,849.0,800.0,1711.0
13,Switzerland,2.0,4.0,0.08,0.04,23.0,AWW,166.0,789.0,854.0,1717.0
14,Switzerland,2.0,4.0,0.08,0.04,32.0,AWW,249.0,928.0,825.0,1766.0
15,Switzerland,2.0,4.0,0.08,0.04,29.0,AWW,664.0,840.0,800.0,1755.0
16,Switzerland,2.0,4.0,0.08,0.04,22.0,AWW,19.0,824.0,805.0,1763.0
17,Switzerland,2.0,4.0,0.08,0.04,32.11040246358829,ICU,385.0,825.0,725.0,1800.0
18,Switzerland,2.0,4.0,0.08,0.04,30.16553504156347,ICU,588.0,845.0,807.0,1748.0
19,Switzerland,2.0,4.0,0.08,0.04,32.0,AWW,209.0,869.0,783.0,1799.0
20,Switzerland,2.0,4.0,0.08,0.04,34.7952773867499,ICU,440.0,865.0,804.0,1741.0
21,Switzerland,2.0,4.0,0.08,0.04,33.0,AWW,236.0,780.0,823.0,1805.0
22,Switzerland,2.0,4.0,0.08,0.04,31.4487327300788,ICU,1472.0,863.0,789.0,1681.0
23,Switzerland,2.0,4.0,0.08,0.04,19.50000088821167,HARISS,81.0,855.0,810.0,1767.0
24,Switzerland,2.0,4.0,0.08,0.04,35.3621630328257,ICU,1114.0,833.0,801.0,1818.0
25,Switzerland,2.0,4.0,0.08,0.04,28.0,AWW,45.0,907.0,788.0,1737.0
26,Switzerland,2.0,4.0,0.08,0.04,28.38177936725864,ICU,88.0,831.0,769.0,1708.0
27,Switzerland,2.0,4.0,0.08,0.04,33.0,AWW,141.0,865.0,768.0,1735.0
28,Switzerland,2.0,4.0,0.08,0.04,33.50000018147425,HARISS,615.0,853.0,799.0,1723.0
29,Switzerland,2.0,4.0,0.08,0.04,27.0,AWW,137.0,817.0,785.0,1776.0
30,Switzerland,2.0,4.0,0.08,0.04,27.030029471470144,ICU,451.0,852.0,763.0,1745.0
31,Switzerland,2.0,4.0,0.08,0.04,33.50000067227064,HARISS,238.0,855.0,799.0,1741.0
32,Switzerland,2.0,4.0,0.08,0.04,28.485288452537613,ICU,194.0,828.0,771.0,1728.0
33,Switzerland,2.0,4.0,0.08,0.04,33.50000090017355,HARISS,352.0,854.0,782.0,1753.0
34,Switzerland,2.0,4.0,0.08,0.04,35.0,AWW,502.0,849.0,773.0,1808.0
35,Switzerland,2.0,4.0,0.08,0.04,33.5000005780641,HARISS,568.0,784.0,818.0,1801.0
36,Switzerland,2.0,4.0,0.08,0.04,29.50000058978131,HARISS,303.0,839.0,849.0,1799.0
37,Switzerland,2.0,4.0,0.08,0.04,33.877950015028205,ICU,1962.0,842.0,789.0,1740.0
38,Switzerland,2.0,4.0,0.08,0.04,28.587852393772504,ICU,412.0,831.0,791.0,1772.0
39,Switzerland,2.0,4.0,0.08,0.04,30.58149365004003,ICU,466.0,814.0,815.0,1846.0
40,Switzerland,2.0,4.0,0.08,0.04,16.0,AWW,3.0,840.0,797.0,1789.0
41,Switzerland,2.0,4.0,0.08,0.04,26.500000524041877,HARISS,304.0,880.0,775.0,1796.0
42,Switzerland,2.0,4.0,0.08,0.04,32.0,AWW,718.0,841.0,842.0,1819.0
43,Switzerland,2.0,4.0,0.08,0.04,33.0,AWW,289.0,860.0,753.0,1742.0
44,Switzerland,2.0,4.0,0.08,0.04,31.0,AWW,416.0,884.0,768.0,1761.0
45,Switzerland,2.0,4.0,0.08,0.04,34.0,AWW,304.0,808.0,831.0,1797.0
46,Switzerland,2.0,4.0,0.08,0.04,35.44790785262378,ICU,1429.0,856.0,812.0,1724.0
47,Switzerland,2.0,4.0,0.08,0.04,34.0,AWW,633.0,897.0,849.0,1753.0
48,Switzerland,2.0,4.0,0.08,0.04,19.500000489897083,HARISS,78.0,845.0,784.0,1731.0
49,Switzerland,2.0,4.0,0.08,0.04,16.094632561996402,ICU,134.0,851.0,815.0,1832.0
50,Switzerland,2.0,4.0,0.08,0.04,26.50000083358847,HARISS,133.0,819.0,768.0,1717.0
51,Switzerland,2.0,4.0,0.08,0.04,34.0,AWW,238.0,837.0,799.0,1824.0
52,Switzerland,2.0,4.0,0.08,0.04,22.500000294124106,HARISS,17.0,844.0,776.0,1753.0
53,Switzerland,2.0,4.0,0.08,0.04,20.0,AWW,15.0,863.0,830.0,1749.0
54,Switzerland,2.0,4.0,0.08,0.04,29.99041759245263,ICU,253.0,840.0,842.0,1747.0
55,Switzerland,2.0,4.0,0.08,0.04,29.0,AWW,88.0,821.0,799.0,1744.0
56,Switzerland,2.0,4.0,0.08,0.04,22.500000147567356,HARISS,196.0,852.0,735.0,1764.0
57,Switzerland,2.0,4.0,0.08,0.04,31.410358400602515,ICU,239.0,836.0,762.0,1806.0
58,Switzerland,2.0,4.0,0.08,0.04,26.50000050578808,HARISS,359.0,802.0,788.0,1725.0
59,Switzerland,2.0,4.0,0.08,0.04,32.0,AWW,219.0,892.0,767.0,1777.0
60,Switzerland,2.0,4.0,0.08,0.04,35.0,AWW,409.0,855.0,770.0,1742.0
61,Switzerland,2.0,4.0,0.08,0.04,29.500000908308195,HARISS,1539.0,839.0,827.0,1772.0
62,Switzerland,2.0,4.0,0.08,0.04,28.63237138424944,ICU,949.0,834.0,810.0,1765.0
63,Switzerland,2.0,4.0,0.08,0.04,26.500000535125057,HARISS,355.0,791.0,834.0,1697.0
64,Switzerland,2.0,4.0,0.08,0.04,18.071117114718007,ICU,404.0,840.0,820.0,1722.0
65,Switzerland,2.0,4.0,0.08,0.04,16.0,AWW,5.0,842.0,738.0,1774.0
66,Switzerland,2.0,4.0,0.08,0.04,6.0,AWW,NaN,870.0,739.0,1747.0
67,Switzerland,2.0,4.0,0.08,0.04,29.50000077969659,HARISS,313.0,847.0,774.0,1755.0
68,Switzerland,2.0,4.0,0.08,0.04,30.0,AWW,30.0,887.0,775.0,1791.0
69,Switzerland,2.0,4.0,0.08,0.04,29.50000084504095,HARISS,1262.0,839.0,788.0,1828.0
70,Switzerland,2.0,4.0,0.08,0.04,19.23349854200446,ICU,107.0,788.0,758.0,1785.0
71,Switzerland,2.0,4.0,0.08,0.04,30.0,AWW,209.0,858.0,782.0,1814.0
72,Switzerland,2.0,4.0,0.08,0.04,22.0,AWW,48.0,847.0,796.0,1741.0
73,Switzerland,2.0,4.0,0.08,0.04,26.0,AWW,367.0,883.0,782.0,1724.0
74,Switzerland,2.0,4.0,0.08,0.04,36.500000896715584,HARISS,1651.0,873.0,779.0,1740.0
75,Switzerland,2.0,4.0,0.08,0.04,25.0,AWW,98.0,886.0,772.0,1720.0
76,Switzerland,2.0,4.0,0.08,0.04,28.389977110860773,ICU,451.0,855.0,798.0,1789.0
77,Switzerland,2.0,4.0,0.08,0.04,33.50000000543324,HARISS,300.0,860.0,796.0,1802.0
78,Switzerland,2.0,4.0,0.08,0.04,32.0,AWW,295.0,862.0,831.0,1699.0
79,Switzerland,2.0,4.0,0.08,0.04,35.43192139978578,ICU,1322.0,876.0,813.0,1776.0
80,Switzerland,2.0,4.0,0.08,0.04,20.0,AWW,0.0,867.0,795.0,1792.0
81,Switzerland,2.0,4.0,0.08,0.04,30.0,AWW,817.0,870.0,836.0,1718.0
82,Switzerland,2.0,4.0,0.08,0.04,34.0,AWW,2231.0,825.0,720.0,1801.0
83,Switzerland,2.0,4.0,0.08,0.04,29.50000060832815,HARISS,617.0,747.0,791.0,1697.0
84,Switzerland,2.0,4.0,0.08,0.04,33.0,AWW,170.0,813.0,801.0,1748.0
85,Switzerland,2.0,4.0,0.08,0.04,27.0,AWW,429.0,872.0,815.0,1711.0
86,Switzerland,2.0,4.0,0.08,0.04,37.0,AWW,597.0,823.0,843.0,1755.0
87,Switzerland,2.0,4.0,0.08,0.04,32.0,AWW,978.0,831.0,819.0,1745.0
88,Switzerland,2.0,4.0,0.08,0.04,30.0,AWW,274.0,864.0,729.0,1714.0
89,Switzerland,2.0,4.0,0.08,0.04,33.0,AWW,141.0,825.0,797.0,1790.0
90,Switzerland,2.0,4.0,0.08,0.04,35.0,AWW,256.0,889.0,760.0,1708.0
91,Switzerland,2.0,4.0,0.08,0.04,28.0,AWW,386.0,879.0,774.0,1713.0
92,Switzerland,2.0,4.0,0.08,0.04,34.0,AWW,309.0,807.0,801.0,1738.0
93,Switzerland,2.0,4.0,0.08,0.04,28.0,AWW,38.0,880.0,844.0,1762.0
94,Switzerland,2.0,4.0,0.08,0.04,38.0,AWW,2105.0,861.0,833.0,1753.0
95,Switzerland,2.0,4.0,0.08,0.04,33.0,AWW,333.0,814.0,740.0,1757.0
96,Switzerland,2.0,4.0,0.08,0.04,33.50000074941913,HARISS,747.0,822.0,833.0,1775.0
97,Switzerland,2.0,4.0,0.08,0.04,34.0,AWW,346.0,869.0,798.0,1746.0
98,Switzerland,2.0,4.0,0.08,0.04,28.0,AWW,58.0,812.0,797.0,1760.0
99,Switzerland,2.0,4.0,0.08,0.04,29.0,AWW,107.0,836.0,840.0,1742.0
100,Switzerland,2.0,4.0,0.08,0.04,34.65573242635202,ICU,395.0,812.0,813.0,1769.0
101,Switzerland,2.0,4.0,0.08,0.04,17.0,AWW,52.0,836.0,788.0,1744.0
102,Switzerland,2.0,4.0,0.08,0.04,38.67278106916181,ICU,1007.0,829.0,815.0,1759.0
103,Switzerland,2.0,4.0,0.08,0.04,25.0,AWW,10.0,832.0,816.0,1746.0
104,Switzerland,2.0,4.0,0.08,0.04,32.0,AWW,301.0,875.0,754.0,1782.0
105,Switzerland,2.0,4.0,0.08,0.04,28.0,AWW,1728.0,887.0,804.0,1814.0
106,Switzerland,2.0,4.0,0.08,0.04,29.518944586716724,ICU,137.0,850.0,854.0,1809.0
107,Switzerland,2.0,4.0,0.08,0.04,22.500000571763714,HARISS,102.0,840.0,832.0,1739.0
108,Switzerland,2.0,4.0,0.08,0.04,28.09130936134584,ICU,174.0,817.0,799.0,1820.0
109,Switzerland,2.0,4.0,0.08,0.04,27.0,AWW,376.0,844.0,812.0,1775.0
110,Switzerland,2.0,4.0,0.08,0.04,24.0,AWW,26.0,852.0,818.0,1794.0
111,Switzerland,2.0,4.0,0.08,0.04,22.666388749316894,ICU,78.0,858.0,772.0,1767.0
112,Switzerland,2.0,4.0,0.08,0.04,20.0,AWW,2.0,892.0,759.0,1781.0
113,Switzerland,2.0,4.0,0.08,0.04,26.0,AWW,88.0,852.0,817.0,1736.0
114,Switzerland,2.0,4.0,0.08,0.04,34.98145881020617,ICU,1526.0,827.0,743.0,1811.0
115,Switzerland,2.0,4.0,0.08,0.04,33.500000220015366,HARISS,338.0,868.0,782.0,1754.0
116,Switzerland,2.0,4.0,0.08,0.04,28.0,AWW,50.0,845.0,753.0,1821.0
117,Switzerland,2.0,4.0,0.08,0.04,29.500000698316622,HARISS,204.0,823.0,783.0,1681.0
118,Switzerland,2.0,4.0,0.08,0.04,31.371568640462044,ICU,487.0,817.0,802.0,1836.0
119,Switzerland,2.0,4.0,0.08,0.04,35.528505170761356,ICU,1440.0,796.0,812.0,1795.0
120,Switzerland,2.0,4.0,0.08,0.04,33.500000115036144,HARISS,354.0,872.0,800.0,1695.0
121,Switzerland,2.0,4.0,0.08,0.04,22.0,AWW,222.0,845.0,798.0,1681.0
122,Switzerland,2.0,4.0,0.08,0.04,26.0,AWW,64.0,871.0,803.0,1714.0
123,Switzerland,2.0,4.0,0.08,0.04,31.0,AWW,170.0,896.0,846.0,1742.0
124,Switzerland,2.0,4.0,0.08,0.04,31.61589055223776,ICU,533.0,813.0,780.0,1678.0
125,Switzerland,2.0,4.0,0.08,0.04,35.210493093685784,ICU,869.0,812.0,784.0,1804.0
126,Switzerland,2.0,4.0,0.08,0.04,31.0,AWW,346.0,846.0,830.0,1734.0
127,Switzerland,2.0,4.0,0.08,0.04,29.500000062990466,HARISS,220.0,916.0,800.0,1749.0
128,Switzerland,2.0,4.0,0.08,0.04,32.0,AWW,125.0,840.0,747.0,1779.0
129,Switzerland,2.0,4.0,0.08,0.04,22.17974782725731,ICU,36.0,840.0,806.0,1733.0
130,Switzerland,2.0,4.0,0.08,0.04,34.0,AWW,175.0,855.0,804.0,1719.0
131,Switzerland,2.0,4.0,0.08,0.04,29.500000588915828,HARISS,205.0,909.0,820.0,1871.0
132,Switzerland,2.0,4.0,0.08,0.04,31.0,AWW,143.0,798.0,808.0,1808.0
133,Switzerland,2.0,4.0,0.08,0.04,31.740977162028173,ICU,296.0,815.0,811.0,1785.0
134,Switzerland,2.0,4.0,0.08,0.04,31.0,AWW,177.0,853.0,773.0,1777.0
135,Switzerland,2.0,4.0,0.08,0.04,29.739903248920758,ICU,1085.0,849.0,766.0,1726.0
136,Switzerland,2.0,4.0,0.08,0.04,31.0,AWW,429.0,873.0,771.0,1758.0
137,Switzerland,2.0,4.0,0.08,0.04,34.41253210562007,ICU,427.0,877.0,808.0,1817.0
138,Switzerland,2.0,4.0,0.08,0.04,26.0,AWW,37.0,896.0,784.0,1764.0
139,Switzerland,2.0,4.0,0.08,0.04,33.93959815394047,ICU,408.0,862.0,762.0,1773.0
140,Switzerland,2.0,4.0,0.08,0.04,28.0,AWW,174.0,873.0,824.0,1778.0
141,Switzerland,2.0,4.0,0.08,0.04,30.0,AWW,144.0,824.0,814.0,1817.0
142,Switzerland,2.0,4.0,0.08,0.04,29.0,AWW,300.0,870.0,785.0,1761.0
143,Switzerland,2.0,4.0,0.08,0.04,37.28576715261371,ICU,1085.0,816.0,797.0,1809.0
144,Switzerland,2.0,4.0,0.08,0.04,33.0,AWW,373.0,817.0,730.0,1798.0
145,Switzerland,2.0,4.0,0.08,0.04,29.500000631080596,HARISS,941.0,880.0,734.0,1735.0
146,Switzerland,2.0,4.0,0.08,0.04,27.441250003541043,ICU,65.0,888.0,806.0,1798.0
147,Switzerland,2.0,4.0,0.08,0.04,26.500000402985727,HARISS,533.0,858.0,808.0,1654.0
148,Switzerland,2.0,4.0,0.08,0.04,27.0,AWW,575.0,872.0,788.0,1780.0
149,Switzerland,2.0,4.0,0.08,0.04,23.0,AWW,35.0,812.0,781.0,1764.0
150,Switzerland,2.0,4.0,0.08,0.04,19.0,AWW,NaN,875.0,810.0,1762.0
151,Switzerland,2.0,4.0,0.08,0.04,31.0,AWW,186.0,862.0,818.0,1781.0
152,Switzerland,2.0,4.0,0.08,0.04,18.0,AWW,NaN,816.0,834.0,1692.0
153,Switzerland,2.0,4.0,0.08,0.04,24.010175508370473,ICU,263.0,825.0,813.0,1751.0
154,Switzerland,2.0,4.0,0.08,0.04,22.50000022079869,HARISS,13.0,835.0,781.0,1749.0
155,Switzerland,2.0,4.0,0.08,0.04,36.50000075131105,HARISS,390.0,882.0,796.0,1769.0
156,Switzerland,2.0,4.0,0.08,0.04,29.500000866653266,HARISS,781.0,808.0,776.0,1732.0
157,Switzerland,2.0,4.0,0.08,0.04,26.0,AWW,115.0,798.0,798.0,1717.0
158,Switzerland,2.0,4.0,0.08,0.04,40.91013683156057,ICU,1486.0,824.0,825.0,1711.0
159,Switzerland,2.0,4.0,0.08,0.04,33.500000294912624,HARISS,926.0,864.0,828.0,1704.0
160,Switzerland,2.0,4.0,0.08,0.04,31.692000570494788,ICU,197.0,870.0,744.0,1774.0
161,Switzerland,2.0,4.0,0.08,0.04,33.69026567793202,ICU,1207.0,853.0,809.0,1763.0
162,Switzerland,2.0,4.0,0.08,0.04,29.0468763482751,ICU,657.0,862.0,783.0,1770.0
163,Switzerland,2.0,4.0,0.08,0.04,33.500000138483536,HARISS,763.0,847.0,838.0,1783.0
164,Switzerland,2.0,4.0,0.08,0.04,31.512491918987887,ICU,474.0,849.0,814.0,1797.0
165,Switzerland,2.0,4.0,0.08,0.04,32.33565152559925,ICU,177.0,842.0,744.0,1812.0
166,Switzerland,2.0,4.0,0.08,0.04,26.923572912690986,ICU,731.0,869.0,793.0,1775.0
167,Switzerland,2.0,4.0,0.08,0.04,20.0,AWW,11.0,867.0,777.0,1810.0
168,Switzerland,2.0,4.0,0.08,0.04,27.418774561030222,ICU,357.0,836.0,780.0,1838.0
169,Switzerland,2.0,4.0,0.08,0.04,37.0,AWW,768.0,825.0,752.0,1785.0
170,Switzerland,2.0,4.0,0.08,0.04,25.490798214225514,ICU,1081.0,836.0,783.0,1754.0
171,Switzerland,2.0,4.0,0.08,0.04,23.0,AWW,74.0,905.0,772.0,1784.0
172,Switzerland,2.0,4.0,0.08,0.04,31.809735646878554,ICU,327.0,838.0,812.0,1700.0
173,Switzerland,2.0,4.0,0.08,0.04,37.43048955254239,ICU,956.0,817.0,837.0,1796.0
174,Switzerland,2.0,4.0,0.08,0.04,32.0,AWW,495.0,853.0,779.0,1693.0
175,Switzerland,2.0,4.0,0.08,0.04,19.500000640495593,HARISS,513.0,854.0,801.0,1761.0
176,Switzerland,2.0,4.0,0.08,0.04,19.500000557419202,HARISS,164.0,768.0,764.0,1779.0
177,Switzerland,2.0,4.0,0.08,0.04,24.92061855607868,ICU,1852.0,789.0,752.0,1802.0
178,Switzerland,2.0,4.0,0.08,0.04,29.500000725511946,HARISS,512.0,837.0,818.0,1726.0
179,Switzerland,2.0,4.0,0.08,0.04,26.500000877892848,HARISS,201.0,916.0,753.0,1793.0
180,Switzerland,2.0,4.0,0.08,0.04,33.50000057686903,HARISS,421.0,835.0,832.0,1767.0
181,Switzerland,2.0,4.0,0.08,0.04,31.0,AWW,63.0,802.0,802.0,1708.0
182,Switzerland,2.0,4.0,0.08,0.04,39.90256779812746,ICU,1679.0,832.0,745.0,1729.0
183,Switzerland,2.0,4.0,0.08,0.04,30.08030394083969,ICU,344.0,840.0,821.0,1764.0
184,Switzerland,2.0,4.0,0.08,0.04,17.345190969032316,ICU,51.0,810.0,841.0,1761.0
185,Switzerland,2.0,4.0,0.08,0.04,22.673249127656305,ICU,97.0,865.0,786.0,1793.0
186,Switzerland,2.0,4.0,0.08,0.04,33.61712048887351,ICU,927.0,829.0,749.0,1782.0
187,Switzerland,2.0,4.0,0.08,0.04,29.63281030691781,ICU,224.0,888.0,794.0,1773.0
188,Switzerland,2.0,4.0,0.08,0.04,28.0,AWW,68.0,813.0,805.0,1741.0
189,Switzerland,2.0,4.0,0.08,0.04,29.262882697599558,ICU,1040.0,812.0,842.0,1850.0
190,Switzerland,2.0,4.0,0.08,0.04,35.57391545549997,ICU,693.0,869.0,788.0,1720.0
191,Switzerland,2.0,4.0,0.08,0.04,28.0,AWW,217.0,883.0,774.0,1837.0
192,Switzerland,2.0,4.0,0.08,0.04,29.60613520543699,ICU,218.0,866.0,840.0,1747.0
193,Switzerland,2.0,4.0,0.08,0.04,29.50000009176422,HARISS,310.0,786.0,784.0,1757.0
194,Switzerland,2.0,4.0,0.08,0.04,32.0,AWW,116.0,876.0,775.0,1691.0
195,Switzerland,2.0,4.0,0.08,0.04,36.97638331002776,ICU,503.0,825.0,773.0,1771.0
196,Switzerland,2.0,4.0,0.08,0.04,34.0,AWW,269.0,813.0,773.0,1728.0
197,Switzerland,2.0,4.0,0.08,0.04,26.487577066991637,ICU,139.0,855.0,749.0,1639.0
198,Switzerland,2.0,4.0,0.08,0.04,24.48591411212876,ICU,430.0,876.0,769.0,1824.0
199,Switzerland,2.0,4.0,0.08,0.04,13.0,AWW,1.0,860.0,756.0,1778.0
200,Switzerland,2.0,4.0,0.08,0.04,32.0,AWW,306.0,871.0,802.0,1724.0
201,Switzerland,2.0,4.0,0.08,0.04,24.027131451757842,ICU,22.0,842.0,814.0,1733.0
202,Switzerland,2.0,4.0,0.08,0.04,22.50000043772341,HARISS,1189.0,824.0,787.0,1779.0
203,Switzerland,2.0,4.0,0.08,0.04,33.0,AWW,140.0,793.0,753.0,1746.0
204,Switzerland,2.0,4.0,0.08,0.04,28.0,AWW,766.0,855.0,793.0,1746.0
205,Switzerland,2.0,4.0,0.08,0.04,36.0,AWW,374.0,845.0,823.0,1809.0
206,Switzerland,2.0,4.0,0.08,0.04,31.0,AWW,1133.0,860.0,785.0,1783.0
207,Switzerland,2.0,4.0,0.08,0.04,24.788164175198332,ICU,128.0,826.0,776.0,1731.0
208,Switzerland,2.0,4.0,0.08,0.04,36.50000045255111,HARISS,826.0,849.0,804.0,1777.0
209,Switzerland,2.0,4.0,0.08,0.04,22.50000048402042,HARISS,171.0,809.0,813.0,1739.0
210,Switzerland,2.0,4.0,0.08,0.04,14.0,AWW,3.0,824.0,829.0,1774.0
211,Switzerland,2.0,4.0,0.08,0.04,36.0,AWW,1177.0,816.0,802.0,1754.0
212,Switzerland,2.0,4.0,0.08,0.04,29.963216541471212,ICU,348.0,860.0,798.0,1793.0
213,Switzerland,2.0,4.0,0.08,0.04,26.0,AWW,42.0,864.0,792.0,1677.0
214,Switzerland,2.0,4.0,0.08,0.04,27.0,AWW,24.0,813.0,818.0,1761.0
215,Switzerland,2.0,4.0,0.08,0.04,40.0,AWW,2816.0,830.0,800.0,1727.0
216,Switzerland,2.0,4.0,0.08,0.04,31.588128305533385,ICU,84.0,834.0,805.0,1702.0
217,Switzerland,2.0,4.0,0.08,0.04,24.0,AWW,91.0,835.0,761.0,1866.0
218,Switzerland,2.0,4.0,0.08,0.04,35.0,AWW,642.0,861.0,795.0,1805.0
219,Switzerland,2.0,4.0,0.08,0.04,36.05772659892198,ICU,1474.0,849.0,825.0,1782.0
220,Switzerland,2.0,4.0,0.08,0.04,27.0,AWW,458.0,877.0,805.0,1838.0
221,Switzerland,2.0,4.0,0.08,0.04,26.118068958872414,ICU,1137.0,812.0,743.0,1794.0
222,Switzerland,2.0,4.0,0.08,0.04,23.7009184427624,ICU,86.0,881.0,776.0,1684.0
223,Switzerland,2.0,4.0,0.08,0.04,25.270294183357265,ICU,823.0,909.0,845.0,1676.0
224,Switzerland,2.0,4.0,0.08,0.04,28.231017178020036,ICU,269.0,863.0,766.0,1723.0
225,Switzerland,2.0,4.0,0.08,0.04,19.5000001452877,HARISS,50.0,864.0,760.0,1732.0
226,Switzerland,2.0,4.0,0.08,0.04,33.0,AWW,269.0,833.0,774.0,1636.0
227,Switzerland,2.0,4.0,0.08,0.04,30.0,AWW,54.0,874.0,798.0,1759.0
228,Switzerland,2.0,4.0,0.08,0.04,28.825619443232526,ICU,54.0,799.0,790.0,1759.0
229,Switzerland,2.0,4.0,0.08,0.04,18.377323653241284,ICU,38.0,845.0,814.0,1871.0
230,Switzerland,2.0,4.0,0.08,0.04,27.0,AWW,154.0,876.0,806.0,1798.0
231,Switzerland,2.0,4.0,0.08,0.04,18.0,AWW,21.0,864.0,796.0,1815.0
232,Switzerland,2.0,4.0,0.08,0.04,32.89862369781849,ICU,318.0,841.0,805.0,1798.0
233,Switzerland,2.0,4.0,0.08,0.04,32.07217968926555,ICU,866.0,814.0,790.0,1706.0
234,Switzerland,2.0,4.0,0.08,0.04,32.324505230801094,ICU,770.0,854.0,787.0,1801.0
235,Switzerland,2.0,4.0,0.08,0.04,33.50000099946059,HARISS,197.0,791.0,779.0,1739.0
236,Switzerland,2.0,4.0,0.08,0.04,26.500000196924496,HARISS,321.0,826.0,768.0,1707.0
237,Switzerland,2.0,4.0,0.08,0.04,35.0,AWW,391.0,902.0,827.0,1712.0
238,Switzerland,2.0,4.0,0.08,0.04,15.50000042526472,HARISS,45.0,836.0,790.0,1743.0
239,Switzerland,2.0,4.0,0.08,0.04,24.0,AWW,46.0,869.0,829.0,1730.0
240,Switzerland,2.0,4.0,0.08,0.04,28.0,AWW,25.0,862.0,781.0,1749.0
241,Switzerland,2.0,4.0,0.08,0.04,31.0,AWW,173.0,824.0,728.0,1758.0
242,Switzerland,2.0,4.0,0.08,0.04,28.63302834467868,ICU,732.0,814.0,783.0,1730.0
243,Switzerland,2.0,4.0,0.08,0.04,31.11753355172781,ICU,490.0,819.0,807.0,1808.0
244,Switzerland,2.0,4.0,0.08,0.04,29.500000254650367,HARISS,779.0,827.0,821.0,1689.0
245,Switzerland,2.0,4.0,0.08,0.04,19.5000005696457,HARISS,123.0,807.0,814.0,1679.0
246,Switzerland,2.0,4.0,0.08,0.04,21.337053835670194,ICU,669.0,801.0,792.0,1682.0
247,Switzerland,2.0,4.0,0.08,0.04,33.0,AWW,226.0,809.0,814.0,1817.0
248,Switzerland,2.0,4.0,0.08,0.04,25.0,AWW,287.0,863.0,761.0,1779.0
249,Switzerland,2.0,4.0,0.08,0.04,33.5000002496903,HARISS,538.0,812.0,801.0,1746.0
250,Switzerland,2.0,4.0,0.08,0.04,32.01971121247083,ICU,511.0,861.0,785.0,1745.0
251,Switzerland,2.0,4.0,0.08,0.04,33.244499888153406,ICU,1186.0,816.0,823.0,1752.0
252,Switzerland,2.0,4.0,0.08,0.04,32.909393157434465,ICU,301.0,810.0,768.0,1774.0
253,Switzerland,2.0,4.0,0.08,0.04,13.0,AWW,NaN,794.0,763.0,1821.0
254,Switzerland,2.0,4.0,0.08,0.04,15.014473870300145,ICU,2.0,831.0,805.0,1796.0
255,Switzerland,2.0,4.0,0.08,0.04,27.507260249539154,ICU,31.0,849.0,773.0,1805.0
256,Switzerland,2.0,4.0,0.08,0.04,26.22992048978575,ICU,307.0,852.0,806.0,1709.0
257,Switzerland,2.0,4.0,0.08,0.04,37.356520831022735,ICU,841.0,841.0,813.0,1806.0
258,Switzerland,2.0,4.0,0.08,0.04,26.0,AWW,112.0,853.0,781.0,1725.0
259,Switzerland,2.0,4.0,0.08,0.04,25.0,AWW,24.0,821.0,753.0,1823.0
260,Switzerland,2.0,4.0,0.08,0.04,33.50000086853457,HARISS,795.0,820.0,834.0,1697.0
261,Switzerland,2.0,4.0,0.08,0.04,33.0,AWW,781.0,848.0,786.0,1770.0
262,Switzerland,2.0,4.0,0.08,0.04,13.0,AWW,6.0,806.0,805.0,1767.0
263,Switzerland,2.0,4.0,0.08,0.04,22.50000059501036,HARISS,355.0,810.0,764.0,1809.0
264,Switzerland,2.0,4.0,0.08,0.04,31.0,AWW,180.0,783.0,818.0,1832.0
265,Switzerland,2.0,4.0,0.08,0.04,31.0,AWW,226.0,839.0,799.0,1723.0
266,Switzerland,2.0,4.0,0.08,0.04,32.72061902883603,ICU,403.0,857.0,811.0,1748.0
267,Switzerland,2.0,4.0,0.08,0.04,32.18021352328182,ICU,695.0,841.0,755.0,1761.0
268,Switzerland,2.0,4.0,0.08,0.04,33.63062714261552,ICU,528.0,848.0,778.0,1674.0
269,Switzerland,2.0,4.0,0.08,0.04,33.500000813006515,HARISS,485.0,801.0,797.0,1774.0
270,Switzerland,2.0,4.0,0.08,0.04,19.0,AWW,23.0,877.0,830.0,1776.0
271,Switzerland,2.0,4.0,0.08,0.04,37.68298394592226,ICU,997.0,825.0,769.0,1768.0
272,Switzerland,2.0,4.0,0.08,0.04,33.50000078400591,HARISS,1547.0,824.0,766.0,1734.0
273,Switzerland,2.0,4.0,0.08,0.04,17.0,AWW,2.0,830.0,777.0,1762.0
274,Switzerland,2.0,4.0,0.08,0.04,33.0,AWW,161.0,852.0,789.0,1819.0
275,Switzerland,2.0,4.0,0.08,0.04,15.0,AWW,NaN,839.0,822.0,1793.0
276,Switzerland,2.0,4.0,0.08,0.04,30.0,AWW,244.0,866.0,776.0,1794.0
277,Switzerland,2.0,4.0,0.08,0.04,21.0,AWW,5.0,888.0,784.0,1796.0
278,Switzerland,2.0,4.0,0.08,0.04,31.0,AWW,308.0,879.0,788.0,1715.0
279,Switzerland,2.0,4.0,0.08,0.04,24.0,AWW,49.0,913.0,771.0,1756.0
280,Switzerland,2.0,4.0,0.08,0.04,22.901117389214637,ICU,524.0,832.0,811.0,1744.0
281,Switzerland,2.0,4.0,0.08,0.04,32.0,AWW,342.0,868.0,770.0,1837.0
282,Switzerland,2.0,4.0,0.08,0.04,32.95941611534573,ICU,393.0,864.0,798.0,1806.0
283,Switzerland,2.0,4.0,0.08,0.04,24.0,AWW,17.0,830.0,792.0,1712.0
284,Switzerland,2.0,4.0,0.08,0.04,31.0,AWW,284.0,871.0,778.0,1746.0
285,Switzerland,2.0,4.0,0.08,0.04,32.0,AWW,415.0,878.0,788.0,1762.0
286,Switzerland,2.0,4.0,0.08,0.04,29.500000172427395,HARISS,58.0,851.0,821.0,1726.0
287,Switzerland,2.0,4.0,0.08,0.04,15.0,AWW,63.0,836.0,846.0,1692.0
288,Switzerland,2.0,4.0,0.08,0.04,39.0,AWW,861.0,818.0,858.0,1759.0
289,Switzerland,2.0,4.0,0.08,0.04,33.07146304927697,ICU,3478.0,835.0,740.0,1743.0
290,Switzerland,2.0,4.0,0.08,0.04,27.0,AWW,33.0,852.0,785.0,1769.0
291,Switzerland,2.0,4.0,0.08,0.04,31.978686869638217,ICU,1075.0,827.0,796.0,1716.0
292,Switzerland,2.0,4.0,0.08,0.04,22.732681460807303,ICU,46.0,835.0,802.0,1706.0
293,Switzerland,2.0,4.0,0.08,0.04,27.73227396768926,ICU,148.0,835.0,779.0,1762.0
294,Switzerland,2.0,4.0,0.08,0.04,29.500000331177333,HARISS,1109.0,871.0,818.0,1709.0
295,Switzerland,2.0,4.0,0.08,0.04,33.500000291850924,HARISS,425.0,899.0,793.0,1738.0
296,Switzerland,2.0,4.0,0.08,0.04,15.0,AWW,7.0,870.0,765.0,1767.0
297,Switzerland,2.0,4.0,0.08,0.04,34.0,AWW,321.0,844.0,842.0,1692.0
298,Switzerland,2.0,4.0,0.08,0.04,16.0,AWW,NaN,797.0,829.0,1770.0
299,Switzerland,2.0,4.0,0.08,0.04,27.0,AWW,197.0,853.0,813.0,1791.0
300,Switzerland,2.0,4.0,0.08,0.04,30.0,AWW,581.0,849.0,755.0,1710.0
301,Switzerland,2.0,4.0,0.08,0.04,32.0,AWW,146.0,883.0,799.0,1772.0
302,Switzerland,2.0,4.0,0.08,0.04,20.481069134423144,ICU,200.0,843.0,806.0,1737.0
303,Switzerland,2.0,4.0,0.08,0.04,15.500000135754107,HARISS,44.0,809.0,820.0,1794.0
304,Switzerland,2.0,4.0,0.08,0.04,25.356146737034386,ICU,698.0,832.0,825.0,1763.0
305,Switzerland,2.0,4.0,0.08,0.04,29.11271160873569,ICU,275.0,878.0,793.0,1727.0
306,Switzerland,2.0,4.0,0.08,0.04,25.337534236059188,ICU,593.0,818.0,740.0,1817.0
307,Switzerland,2.0,4.0,0.08,0.04,35.31436511155529,ICU,630.0,862.0,800.0,1754.0
308,Switzerland,2.0,4.0,0.08,0.04,18.006868232621695,ICU,84.0,841.0,764.0,1683.0
309,Switzerland,2.0,4.0,0.08,0.04,32.31932447930456,ICU,1131.0,806.0,788.0,1720.0
310,Switzerland,2.0,4.0,0.08,0.04,19.500000212325872,HARISS,3.0,857.0,778.0,1798.0
311,Switzerland,2.0,4.0,0.08,0.04,26.500000761146126,HARISS,625.0,828.0,759.0,1765.0
312,Switzerland,2.0,4.0,0.08,0.04,29.500000071353494,HARISS,388.0,860.0,751.0,1691.0
313,Switzerland,2.0,4.0,0.08,0.04,28.0,AWW,337.0,814.0,805.0,1774.0
314,Switzerland,2.0,4.0,0.08,0.04,27.0,AWW,80.0,844.0,806.0,1793.0
315,Switzerland,2.0,4.0,0.08,0.04,33.50000041340614,HARISS,334.0,827.0,834.0,1769.0
316,Switzerland,2.0,4.0,0.08,0.04,28.0,AWW,95.0,834.0,769.0,1772.0
317,Switzerland,2.0,4.0,0.08,0.04,28.0,AWW,69.0,898.0,737.0,1745.0
318,Switzerland,2.0,4.0,0.08,0.04,34.0,AWW,254.0,858.0,795.0,1708.0
319,Switzerland,2.0,4.0,0.08,0.04,22.500000130376208,HARISS,110.0,787.0,857.0,1670.0
320,Switzerland,2.0,4.0,0.08,0.04,32.0,AWW,2299.0,857.0,795.0,1729.0
321,Switzerland,2.0,4.0,0.08,0.04,32.0,AWW,203.0,834.0,803.0,1828.0
322,Switzerland,2.0,4.0,0.08,0.04,33.50000025795045,HARISS,861.0,810.0,809.0,1716.0
323,Switzerland,2.0,4.0,0.08,0.04,27.0,AWW,46.0,829.0,782.0,1828.0
324,Switzerland,2.0,4.0,0.08,0.04,32.0,AWW,489.0,888.0,753.0,1717.0
325,Switzerland,2.0,4.0,0.08,0.04,35.0,AWW,570.0,842.0,822.0,1737.0
326,Switzerland,2.0,4.0,0.08,0.04,33.26899625958376,ICU,612.0,830.0,820.0,1717.0
327,Switzerland,2.0,4.0,0.08,0.04,31.0,AWW,712.0,821.0,820.0,1772.0
328,Switzerland,2.0,4.0,0.08,0.04,32.68502319283584,ICU,392.0,841.0,842.0,1738.0
329,Switzerland,2.0,4.0,0.08,0.04,24.0,AWW,152.0,853.0,809.0,1723.0
330,Switzerland,2.0,4.0,0.08,0.04,21.26831198388531,ICU,58.0,892.0,778.0,1831.0
331,Switzerland,2.0,4.0,0.08,0.04,22.500000708296042,HARISS,301.0,888.0,794.0,1726.0
332,Switzerland,2.0,4.0,0.08,0.04,30.352433559824103,ICU,254.0,794.0,796.0,1768.0
333,Switzerland,2.0,4.0,0.08,0.04,34.0,AWW,998.0,864.0,797.0,1733.0
334,Switzerland,2.0,4.0,0.08,0.04,26.0,AWW,561.0,798.0,824.0,1689.0
335,Switzerland,2.0,4.0,0.08,0.04,36.0,AWW,1228.0,859.0,767.0,1797.0
336,Switzerland,2.0,4.0,0.08,0.04,26.500000846595526,HARISS,507.0,825.0,851.0,1782.0
337,Switzerland,2.0,4.0,0.08,0.04,36.500000418211975,HARISS,1024.0,895.0,764.0,1768.0
338,Switzerland,2.0,4.0,0.08,0.04,33.5000007549083,HARISS,95.0,890.0,815.0,1765.0
339,Switzerland,2.0,4.0,0.08,0.04,26.50000015323173,HARISS,526.0,823.0,813.0,1719.0
340,Switzerland,2.0,4.0,0.08,0.04,33.0,AWW,243.0,878.0,736.0,1765.0
341,Switzerland,2.0,4.0,0.08,0.04,26.0,AWW,31.0,809.0,858.0,1719.0
342,Switzerland,2.0,4.0,0.08,0.04,29.500000969140167,HARISS,763.0,881.0,790.0,1786.0
343,Switzerland,2.0,4.0,0.08,0.04,26.50000030899733,HARISS,345.0,885.0,798.0,1769.0
344,Switzerland,2.0,4.0,0.08,0.04,33.0,AWW,165.0,881.0,778.0,1695.0
345,Switzerland,2.0,4.0,0.08,0.04,30.0,AWW,266.0,826.0,799.0,1813.0
346,Switzerland,2.0,4.0,0.08,0.04,28.0,AWW,341.0,875.0,809.0,1787.0
347,Switzerland,2.0,4.0,0.08,0.04,29.0,AWW,24.0,766.0,801.0,1783.0
348,Switzerland,2.0,4.0,0.08,0.04,29.500000017607906,HARISS,1782.0,804.0,812.0,1787.0
349,Switzerland,2.0,4.0,0.08,0.04,34.0,AWW,355.0,857.0,804.0,1762.0
350,Switzerland,2.0,4.0,0.08,0.04,21.0,AWW,0.0,819.0,829.0,1751.0
351,Switzerland,2.0,4.0,0.08,0.04,26.852223776122553,ICU,376.0,877.0,785.0,1721.0
352,Switzerland,2.0,4.0,0.08,0.04,27.541763016495544,ICU,403.0,874.0,823.0,1796.0
353,Switzerland,2.0,4.0,0.08,0.04,19.500000571402072,HARISS,104.0,870.0,745.0,1681.0
354,Switzerland,2.0,4.0,0.08,0.04,16.0,AWW,0.0,841.0,786.0,1658.0
355,Switzerland,2.0,4.0,0.08,0.04,29.495988105746758,ICU,378.0,870.0,815.0,1868.0
356,Switzerland,2.0,4.0,0.08,0.04,34.0,AWW,1040.0,836.0,784.0,1791.0
357,Switzerland,2.0,4.0,0.08,0.04,16.0,AWW,0.0,852.0,791.0,1774.0
358,Switzerland,2.0,4.0,0.08,0.04,33.0,AWW,567.0,818.0,751.0,1798.0
359,Switzerland,2.0,4.0,0.08,0.04,27.0,AWW,61.0,821.0,743.0,1814.0
360,Switzerland,2.0,4.0,0.08,0.04,33.50000063895436,HARISS,499.0,866.0,809.0,1748.0
361,Switzerland,2.0,4.0,0.08,0.04,28.115501159118125,ICU,978.0,839.0,829.0,1800.0
362,Switzerland,2.0,4.0,0.08,0.04,33.50000087650782,HARISS,455.0,815.0,775.0,1790.0
363,Switzerland,2.0,4.0,0.08,0.04,22.50000028426154,HARISS,201.0,855.0,807.0,1794.0
364,Switzerland,2.0,4.0,0.08,0.04,36.0,AWW,1378.0,804.0,808.0,1802.0
365,Switzerland,2.0,4.0,0.08,0.04,29.500000129692395,HARISS,623.0,819.0,869.0,1760.0
366,Switzerland,2.0,4.0,0.08,0.04,36.50000072174552,HARISS,2192.0,830.0,779.0,1717.0
367,Switzerland,2.0,4.0,0.08,0.04,26.0,AWW,168.0,849.0,720.0,1737.0
368,Switzerland,2.0,4.0,0.08,0.04,30.0,AWW,73.0,827.0,819.0,1808.0
369,Switzerland,2.0,4.0,0.08,0.04,24.0,AWW,6.0,802.0,773.0,1794.0
370,Switzerland,2.0,4.0,0.08,0.04,31.0,AWW,191.0,834.0,773.0,1780.0
371,Switzerland,2.0,4.0,0.08,0.04,6.0,AWW,NaN,865.0,795.0,1811.0
372,Switzerland,2.0,4.0,0.08,0.04,21.06458590520391,ICU,123.0,853.0,847.0,1719.0
373,Switzerland,2.0,4.0,0.08,0.04,23.0,AWW,49.0,866.0,795.0,1728.0
374,Switzerland,2.0,4.0,0.08,0.04,32.74321945619508,ICU,1210.0,892.0,830.0,1787.0
375,Switzerland,2.0,4.0,0.08,0.04,29.50000041791469,HARISS,620.0,843.0,790.0,1745.0
376,Switzerland,2.0,4.0,0.08,0.04,30.95587424971092,ICU,178.0,835.0,799.0,1787.0
377,Switzerland,2.0,4.0,0.08,0.04,25.0,AWW,43.0,855.0,761.0,1793.0
378,Switzerland,2.0,4.0,0.08,0.04,30.0,AWW,145.0,831.0,792.0,1802.0
379,Switzerland,2.0,4.0,0.08,0.04,20.449567129679846,ICU,14.0,902.0,799.0,1738.0
380,Switzerland,2.0,4.0,0.08,0.04,33.42466379781586,ICU,716.0,881.0,791.0,1773.0
381,Switzerland,2.0,4.0,0.08,0.04,22.50000087138714,HARISS,498.0,816.0,770.0,1777.0
382,Switzerland,2.0,4.0,0.08,0.04,22.24957252167147,ICU,230.0,847.0,816.0,1817.0
383,Switzerland,2.0,4.0,0.08,0.04,29.0,AWW,422.0,864.0,816.0,1756.0
384,Switzerland,2.0,4.0,0.08,0.04,33.50000055049221,HARISS,1428.0,890.0,818.0,1702.0
385,Switzerland,2.0,4.0,0.08,0.04,28.0,AWW,66.0,825.0,752.0,1781.0
386,Switzerland,2.0,4.0,0.08,0.04,18.507354223701547,ICU,249.0,828.0,774.0,1730.0
387,Switzerland,2.0,4.0,0.08,0.04,28.844053745806338,ICU,280.0,866.0,835.0,1826.0
388,Switzerland,2.0,4.0,0.08,0.04,29.500000088278778,HARISS,151.0,814.0,775.0,1740.0
389,Switzerland,2.0,4.0,0.08,0.04,24.0,AWW,5.0,899.0,786.0,1754.0
390,Switzerland,2.0,4.0,0.08,0.04,23.0,AWW,26.0,834.0,832.0,1766.0
391,Switzerland,2.0,4.0,0.08,0.04,33.50000056332172,HARISS,451.0,852.0,792.0,1718.0
392,Switzerland,2.0,4.0,0.08,0.04,35.0,AWW,528.0,792.0,855.0,1696.0
393,Switzerland,2.0,4.0,0.08,0.04,24.37440655439754,ICU,436.0,806.0,805.0,1742.0
394,Switzerland,2.0,4.0,0.08,0.04,34.31469285742127,ICU,861.0,828.0,751.0,1715.0
395,Switzerland,2.0,4.0,0.08,0.04,36.0,AWW,1066.0,852.0,757.0,1782.0
396,Switzerland,2.0,4.0,0.08,0.04,29.500000463608327,HARISS,47.0,863.0,758.0,1754.0
397,Switzerland,2.0,4.0,0.08,0.04,36.50000066758136,HARISS,1953.0,864.0,764.0,1715.0
398,Switzerland,2.0,4.0,0.08,0.04,35.0,AWW,182.0,879.0,847.0,1763.0
399,Switzerland,2.0,4.0,0.08,0.04,19.500000612532883,HARISS,127.0,869.0,759.0,1722.0
400,Switzerland,2.0,4.0,0.08,0.04,26.238434398562443,ICU,1648.0,817.0,795.0,1724.0
401,Switzerland,2.0,4.0,0.08,0.04,24.0,AWW,2.0,834.0,728.0,1724.0
402,Switzerland,2.0,4.0,0.08,0.04,19.500000029516496,HARISS,2407.0,804.0,827.0,1734.0
403,Switzerland,2.0,4.0,0.08,0.04,26.35310772918577,ICU,1096.0,855.0,801.0,1785.0
404,Switzerland,2.0,4.0,0.08,0.04,26.500000629058345,HARISS,835.0,833.0,792.0,1748.0
405,Switzerland,2.0,4.0,0.08,0.04,32.0,AWW,421.0,841.0,777.0,1776.0
406,Switzerland,2.0,4.0,0.08,0.04,34.149736533218075,ICU,794.0,898.0,804.0,1734.0
407,Switzerland,2.0,4.0,0.08,0.04,33.500000207997694,HARISS,850.0,877.0,801.0,1823.0
408,Switzerland,2.0,4.0,0.08,0.04,32.37416296813543,ICU,813.0,824.0,776.0,1740.0
409,Switzerland,2.0,4.0,0.08,0.04,29.500000312455494,HARISS,376.0,844.0,808.0,1812.0
410,Switzerland,2.0,4.0,0.08,0.04,32.96378271159241,ICU,843.0,860.0,769.0,1805.0
411,Switzerland,2.0,4.0,0.08,0.04,26.5000007476305,HARISS,258.0,857.0,794.0,1712.0
412,Switzerland,2.0,4.0,0.08,0.04,24.941366371340145,ICU,218.0,859.0,775.0,1776.0
413,Switzerland,2.0,4.0,0.08,0.04,19.0,AWW,99.0,802.0,800.0,1781.0
414,Switzerland,2.0,4.0,0.08,0.04,15.50000008059673,HARISS,223.0,817.0,795.0,1733.0
415,Switzerland,2.0,4.0,0.08,0.04,26.90726329623492,ICU,617.0,821.0,761.0,1832.0
416,Switzerland,2.0,4.0,0.08,0.04,28.0,AWW,162.0,789.0,770.0,1771.0
417,Switzerland,2.0,4.0,0.08,0.04,19.500000516524715,HARISS,1082.0,865.0,794.0,1879.0
418,Switzerland,2.0,4.0,0.08,0.04,33.50000030821784,HARISS,385.0,819.0,782.0,1748.0
419,Switzerland,2.0,4.0,0.08,0.04,29.0,AWW,38.0,781.0,830.0,1712.0
420,Switzerland,2.0,4.0,0.08,0.04,36.50000018727689,HARISS,1012.0,871.0,779.0,1779.0
421,Switzerland,2.0,4.0,0.08,0.04,26.50000077580526,HARISS,88.0,871.0,781.0,1771.0
422,Switzerland,2.0,4.0,0.08,0.04,39.35030958580854,ICU,1660.0,866.0,820.0,1819.0
423,Switzerland,2.0,4.0,0.08,0.04,28.67114372533915,ICU,381.0,835.0,808.0,1748.0
424,Switzerland,2.0,4.0,0.08,0.04,30.0,AWW,274.0,867.0,776.0,1762.0
425,Switzerland,2.0,4.0,0.08,0.04,39.0,AWW,2068.0,836.0,783.0,1900.0
426,Switzerland,2.0,4.0,0.08,0.04,34.0,AWW,447.0,811.0,792.0,1766.0
427,Switzerland,2.0,4.0,0.08,0.04,30.0,AWW,61.0,839.0,770.0,1738.0
428,Switzerland,2.0,4.0,0.08,0.04,15.5000007714041,HARISS,957.0,812.0,806.0,1727.0
429,Switzerland,2.0,4.0,0.08,0.04,34.0,AWW,303.0,818.0,778.0,1683.0
430,Switzerland,2.0,4.0,0.08,0.04,36.50000080247861,HARISS,863.0,822.0,800.0,1690.0
431,Switzerland,2.0,4.0,0.08,0.04,25.699406092740162,ICU,1384.0,862.0,799.0,1784.0
432,Switzerland,2.0,4.0,0.08,0.04,19.500000503051613,HARISS,444.0,823.0,816.0,1734.0
433,Switzerland,2.0,4.0,0.08,0.04,35.580474815274634,ICU,317.0,846.0,765.0,1865.0
434,Switzerland,2.0,4.0,0.08,0.04,40.0,AWW,1522.0,850.0,836.0,1710.0
435,Switzerland,2.0,4.0,0.08,0.04,32.77918003136618,ICU,1003.0,863.0,773.0,1701.0
436,Switzerland,2.0,4.0,0.08,0.04,35.20953331670017,ICU,364.0,838.0,729.0,1723.0
437,Switzerland,2.0,4.0,0.08,0.04,28.09197081222564,ICU,417.0,842.0,751.0,1728.0
438,Switzerland,2.0,4.0,0.08,0.04,12.50000080873535,HARISS,179.0,831.0,776.0,1777.0
439,Switzerland,2.0,4.0,0.08,0.04,32.0,AWW,170.0,818.0,715.0,1747.0
440,Switzerland,2.0,4.0,0.08,0.04,26.500000272803522,HARISS,109.0,862.0,803.0,1702.0
441,Switzerland,2.0,4.0,0.08,0.04,34.0,AWW,193.0,864.0,719.0,1768.0
442,Switzerland,2.0,4.0,0.08,0.04,27.912889616357038,ICU,180.0,843.0,785.0,1794.0
443,Switzerland,2.0,4.0,0.08,0.04,11.318180680388219,ICU,117.0,806.0,771.0,1801.0
444,Switzerland,2.0,4.0,0.08,0.04,22.500000045464716,HARISS,363.0,847.0,768.0,1747.0
445,Switzerland,2.0,4.0,0.08,0.04,32.49477324632737,ICU,414.0,838.0,800.0,1792.0
446,Switzerland,2.0,4.0,0.08,0.04,36.0,AWW,479.0,842.0,763.0,1780.0
447,Switzerland,2.0,4.0,0.08,0.04,20.087550378011976,ICU,592.0,861.0,779.0,1815.0
448,Switzerland,2.0,4.0,0.08,0.04,23.28932957885514,ICU,54.0,821.0,806.0,1881.0
449,Switzerland,2.0,4.0,0.08,0.04,32.79850776449561,ICU,1255.0,860.0,794.0,1752.0
450,Switzerland,2.0,4.0,0.08,0.04,35.0,AWW,1227.0,827.0,743.0,1810.0
451,Switzerland,2.0,4.0,0.08,0.04,22.0,AWW,3.0,861.0,784.0,1788.0
452,Switzerland,2.0,4.0,0.08,0.04,26.50000005599467,HARISS,198.0,887.0,832.0,1775.0
453,Switzerland,2.0,4.0,0.08,0.04,19.500000857490527,HARISS,34.0,847.0,797.0,1772.0
454,Switzerland,2.0,4.0,0.08,0.04,25.0,AWW,13.0,918.0,760.0,1735.0
455,Switzerland,2.0,4.0,0.08,0.04,28.0,AWW,58.0,828.0,789.0,1733.0
456,Switzerland,2.0,4.0,0.08,0.04,33.27585404256144,ICU,317.0,852.0,803.0,1808.0
457,Switzerland,2.0,4.0,0.08,0.04,20.0,AWW,8.0,761.0,776.0,1854.0
458,Switzerland,2.0,4.0,0.08,0.04,28.093829694477726,ICU,391.0,803.0,752.0,1688.0
459,Switzerland,2.0,4.0,0.08,0.04,29.50000004171861,HARISS,441.0,900.0,755.0,1779.0
460,Switzerland,2.0,4.0,0.08,0.04,38.0,AWW,743.0,851.0,812.0,1743.0
461,Switzerland,2.0,4.0,0.08,0.04,36.500000081147235,HARISS,637.0,843.0,785.0,1814.0
462,Switzerland,2.0,4.0,0.08,0.04,29.65744109011815,ICU,211.0,831.0,797.0,1714.0
463,Switzerland,2.0,4.0,0.08,0.04,29.50000015787383,HARISS,177.0,827.0,791.0,1791.0
464,Switzerland,2.0,4.0,0.08,0.04,26.500000723977053,HARISS,967.0,839.0,808.0,1736.0
465,Switzerland,2.0,4.0,0.08,0.04,35.0,AWW,847.0,904.0,756.0,1731.0
466,Switzerland,2.0,4.0,0.08,0.04,23.0,AWW,42.0,867.0,808.0,1785.0
467,Switzerland,2.0,4.0,0.08,0.04,29.860789317004922,ICU,326.0,848.0,809.0,1817.0
468,Switzerland,2.0,4.0,0.08,0.04,9.0,AWW,NaN,834.0,822.0,1721.0
469,Switzerland,2.0,4.0,0.08,0.04,23.0,AWW,30.0,829.0,748.0,1812.0
470,Switzerland,2.0,4.0,0.08,0.04,29.50000059144451,HARISS,586.0,856.0,812.0,1834.0
471,Switzerland,2.0,4.0,0.08,0.04,35.0,AWW,663.0,865.0,788.0,1832.0
472,Switzerland,2.0,4.0,0.08,0.04,16.772162488998376,ICU,279.0,872.0,750.0,1793.0
473,Switzerland,2.0,4.0,0.08,0.04,36.0,AWW,953.0,864.0,748.0,1744.0
474,Switzerland,2.0,4.0,0.08,0.04,36.500000142437194,HARISS,1437.0,878.0,788.0,1747.0
475,Switzerland,2.0,4.0,0.08,0.04,34.261802863253216,ICU,965.0,879.0,785.0,1748.0
476,Switzerland,2.0,4.0,0.08,0.04,27.0,AWW,293.0,795.0,810.0,1768.0
477,Switzerland,2.0,4.0,0.08,0.04,32.19095403079924,ICU,137.0,847.0,792.0,1713.0
478,Switzerland,2.0,4.0,0.08,0.04,26.19042253062964,ICU,596.0,813.0,804.0,1725.0
479,Switzerland,2.0,4.0,0.08,0.04,30.436052303798874,ICU,161.0,859.0,821.0,1713.0
480,Switzerland,2.0,4.0,0.08,0.04,24.0,AWW,1.0,844.0,782.0,1765.0
481,Switzerland,2.0,4.0,0.08,0.04,21.0,AWW,5.0,826.0,804.0,1737.0
482,Switzerland,2.0,4.0,0.08,0.04,29.0,AWW,174.0,857.0,766.0,1760.0
483,Switzerland,2.0,4.0,0.08,0.04,33.50000074733805,HARISS,312.0,903.0,776.0,1785.0
484,Switzerland,2.0,4.0,0.08,0.04,30.226056179450428,ICU,239.0,849.0,760.0,1847.0
485,Switzerland,2.0,4.0,0.08,0.04,27.0,AWW,16.0,844.0,793.0,1799.0
486,Switzerland,2.0,4.0,0.08,0.04,26.0,AWW,87.0,829.0,792.0,1752.0
487,Switzerland,2.0,4.0,0.08,0.04,27.82528512078601,ICU,140.0,875.0,805.0,1733.0
488,Switzerland,2.0,4.0,0.08,0.04,29.50000096077509,HARISS,248.0,881.0,790.0,1675.0
489,Switzerland,2.0,4.0,0.08,0.04,12.321065948049606,ICU,31.0,799.0,743.0,1741.0
490,Switzerland,2.0,4.0,0.08,0.04,14.460864115414534,ICU,140.0,856.0,814.0,1726.0
491,Switzerland,2.0,4.0,0.08,0.04,33.50000014957496,HARISS,657.0,839.0,789.0,1698.0
492,Switzerland,2.0,4.0,0.08,0.04,32.482411374326745,ICU,1265.0,789.0,775.0,1742.0
493,Switzerland,2.0,4.0,0.08,0.04,31.436084596959923,ICU,933.0,779.0,820.0,1728.0
494,Switzerland,2.0,4.0,0.08,0.04,34.0,AWW,350.0,836.0,828.0,1708.0
495,Switzerland,2.0,4.0,0.08,0.04,31.0,AWW,305.0,824.0,756.0,1736.0
496,Switzerland,2.0,4.0,0.08,0.04,21.0,AWW,1.0,826.0,786.0,1805.0
497,Switzerland,2.0,4.0,0.08,0.04,31.58814609268382,ICU,1315.0,829.0,840.0,1749.0
498,Switzerland,2.0,4.0,0.08,0.04,33.0,AWW,1790.0,764.0,823.0,1797.0
499,Switzerland,2.0,4.0,0.08,0.04,35.0,AWW,259.0,832.0,755.0,1774.0
500,Switzerland,2.0,4.0,0.08,0.04,33.30045737326854,ICU,406.0,826.0,785.0,1824.0
501,Switzerland,2.0,4.0,0.08,0.04,27.298951751489692,ICU,1169.0,847.0,795.0,1779.0
502,Switzerland,2.0,4.0,0.08,0.04,28.0,AWW,25.0,876.0,772.0,1773.0
503,Switzerland,2.0,4.0,0.08,0.04,27.325388794668584,ICU,883.0,853.0,759.0,1708.0
504,Switzerland,2.0,4.0,0.08,0.04,29.50000031202637,HARISS,274.0,824.0,793.0,1781.0
505,Switzerland,2.0,4.0,0.08,0.04,30.0,AWW,127.0,841.0,766.0,1794.0
506,Switzerland,2.0,4.0,0.08,0.04,26.500000939906066,HARISS,674.0,830.0,811.0,1760.0
507,Switzerland,2.0,4.0,0.08,0.04,23.0,AWW,66.0,804.0,796.0,1776.0
508,Switzerland,2.0,4.0,0.08,0.04,36.0,AWW,830.0,819.0,848.0,1832.0
509,Switzerland,2.0,4.0,0.08,0.04,23.4748093157073,ICU,24.0,810.0,757.0,1779.0
510,Switzerland,2.0,4.0,0.08,0.04,25.54722847915158,ICU,424.0,848.0,768.0,1776.0
511,Switzerland,2.0,4.0,0.08,0.04,29.500000431217885,HARISS,176.0,911.0,815.0,1800.0
512,Switzerland,2.0,4.0,0.08,0.04,36.108139131277,ICU,568.0,797.0,763.0,1729.0
513,Switzerland,2.0,4.0,0.08,0.04,10.0,AWW,0.0,832.0,785.0,1711.0
514,Switzerland,2.0,4.0,0.08,0.04,32.0,AWW,498.0,865.0,799.0,1692.0
515,Switzerland,2.0,4.0,0.08,0.04,39.0,AWW,816.0,837.0,834.0,1763.0
516,Switzerland,2.0,4.0,0.08,0.04,36.0,AWW,1069.0,849.0,790.0,1811.0
517,Switzerland,2.0,4.0,0.08,0.04,33.584379961788905,ICU,460.0,825.0,883.0,1730.0
518,Switzerland,2.0,4.0,0.08,0.04,33.98554342459543,ICU,677.0,886.0,797.0,1778.0
519,Switzerland,2.0,4.0,0.08,0.04,13.380262548907213,ICU,1.0,881.0,839.0,1784.0
520,Switzerland,2.0,4.0,0.08,0.04,22.500000738824678,HARISS,15.0,844.0,807.0,1776.0
521,Switzerland,2.0,4.0,0.08,0.04,26.500000532845547,HARISS,279.0,856.0,819.0,1763.0
522,Switzerland,2.0,4.0,0.08,0.04,24.305644355747205,ICU,701.0,832.0,804.0,1751.0
523,Switzerland,2.0,4.0,0.08,0.04,25.52985910479209,ICU,26.0,851.0,752.0,1769.0
524,Switzerland,2.0,4.0,0.08,0.04,33.50000040059206,HARISS,336.0,846.0,787.0,1785.0
525,Switzerland,2.0,4.0,0.08,0.04,22.500000823060287,HARISS,206.0,818.0,815.0,1791.0
526,Switzerland,2.0,4.0,0.08,0.04,37.0,AWW,731.0,827.0,810.0,1752.0
527,Switzerland,2.0,4.0,0.08,0.04,26.44076229888472,ICU,404.0,835.0,802.0,1709.0
528,Switzerland,2.0,4.0,0.08,0.04,28.0,AWW,273.0,880.0,764.0,1710.0
529,Switzerland,2.0,4.0,0.08,0.04,20.02841123658723,ICU,907.0,845.0,833.0,1784.0
530,Switzerland,2.0,4.0,0.08,0.04,30.0,AWW,72.0,861.0,801.0,1721.0
531,Switzerland,2.0,4.0,0.08,0.04,29.42047413022802,ICU,792.0,826.0,798.0,1787.0
532,Switzerland,2.0,4.0,0.08,0.04,31.0,AWW,117.0,842.0,787.0,1827.0
533,Switzerland,2.0,4.0,0.08,0.04,26.068939838934142,ICU,124.0,823.0,740.0,1816.0
534,Switzerland,2.0,4.0,0.08,0.04,29.500000215842068,HARISS,515.0,830.0,757.0,1739.0
535,Switzerland,2.0,4.0,0.08,0.04,33.0,AWW,625.0,842.0,793.0,1767.0
536,Switzerland,2.0,4.0,0.08,0.04,26.50000037769843,HARISS,101.0,830.0,796.0,1706.0
537,Switzerland,2.0,4.0,0.08,0.04,28.0,AWW,168.0,796.0,821.0,1743.0
538,Switzerland,2.0,4.0,0.08,0.04,36.5000003984196,HARISS,527.0,822.0,763.0,1766.0
539,Switzerland,2.0,4.0,0.08,0.04,32.0,AWW,441.0,819.0,748.0,1679.0
540,Switzerland,2.0,4.0,0.08,0.04,20.0,AWW,12.0,848.0,763.0,1750.0
541,Switzerland,2.0,4.0,0.08,0.04,25.259757688487944,ICU,1307.0,831.0,809.0,1804.0
542,Switzerland,2.0,4.0,0.08,0.04,14.0,AWW,0.0,839.0,770.0,1715.0
543,Switzerland,2.0,4.0,0.08,0.04,26.0,AWW,67.0,877.0,773.0,1727.0
544,Switzerland,2.0,4.0,0.08,0.04,32.0,AWW,423.0,906.0,738.0,1797.0
545,Switzerland,2.0,4.0,0.08,0.04,32.07277686779247,ICU,191.0,826.0,833.0,1661.0
546,Switzerland,2.0,4.0,0.08,0.04,28.331644537008536,ICU,539.0,874.0,728.0,1724.0
547,Switzerland,2.0,4.0,0.08,0.04,33.500000550432844,HARISS,580.0,827.0,811.0,1782.0
548,Switzerland,2.0,4.0,0.08,0.04,22.500000270497498,HARISS,1400.0,882.0,805.0,1792.0
549,Switzerland,2.0,4.0,0.08,0.04,33.500000100478545,HARISS,366.0,863.0,791.0,1800.0
550,Switzerland,2.0,4.0,0.08,0.04,29.500000309193602,HARISS,785.0,897.0,778.0,1675.0
551,Switzerland,2.0,4.0,0.08,0.04,40.0,AWW,1763.0,765.0,758.0,1713.0
552,Switzerland,2.0,4.0,0.08,0.04,22.0,AWW,23.0,836.0,778.0,1720.0
553,Switzerland,2.0,4.0,0.08,0.04,33.50000043010545,HARISS,950.0,856.0,822.0,1790.0
554,Switzerland,2.0,4.0,0.08,0.04,29.500000170891106,HARISS,267.0,861.0,799.0,1814.0
555,Switzerland,2.0,4.0,0.08,0.04,35.0,AWW,1375.0,903.0,752.0,1812.0
556,Switzerland,2.0,4.0,0.08,0.04,35.812361202501435,ICU,1802.0,780.0,768.0,1777.0
557,Switzerland,2.0,4.0,0.08,0.04,35.0,AWW,984.0,888.0,758.0,1709.0
558,Switzerland,2.0,4.0,0.08,0.04,31.0,AWW,327.0,881.0,833.0,1707.0
559,Switzerland,2.0,4.0,0.08,0.04,29.7643679074489,ICU,904.0,793.0,739.0,1786.0
560,Switzerland,2.0,4.0,0.08,0.04,29.0,AWW,368.0,846.0,760.0,1693.0
561,Switzerland,2.0,4.0,0.08,0.04,26.0,AWW,60.0,850.0,742.0,1759.0
562,Switzerland,2.0,4.0,0.08,0.04,20.282340745205193,ICU,36.0,796.0,853.0,1749.0
563,Switzerland,2.0,4.0,0.08,0.04,28.04127072002712,ICU,234.0,777.0,742.0,1788.0
564,Switzerland,2.0,4.0,0.08,0.04,22.4967260385992,ICU,11.0,816.0,844.0,1822.0
565,Switzerland,2.0,4.0,0.08,0.04,22.0,AWW,20.0,853.0,756.0,1707.0
566,Switzerland,2.0,4.0,0.08,0.04,27.0,AWW,188.0,820.0,849.0,1709.0
567,Switzerland,2.0,4.0,0.08,0.04,26.500000085822982,HARISS,157.0,874.0,759.0,1773.0
568,Switzerland,2.0,4.0,0.08,0.04,29.500000739715674,HARISS,266.0,872.0,743.0,1740.0
569,Switzerland,2.0,4.0,0.08,0.04,13.0,AWW,0.0,796.0,802.0,1706.0
570,Switzerland,2.0,4.0,0.08,0.04,31.702943606467294,ICU,655.0,829.0,779.0,1758.0
571,Switzerland,2.0,4.0,0.08,0.04,22.500000575067936,HARISS,106.0,838.0,811.0,1720.0
572,Switzerland,2.0,4.0,0.08,0.04,30.0,AWW,809.0,894.0,823.0,1823.0
573,Switzerland,2.0,4.0,0.08,0.04,19.500000860298435,HARISS,23.0,858.0,851.0,1746.0
574,Switzerland,2.0,4.0,0.08,0.04,31.06175693556978,ICU,261.0,860.0,772.0,1748.0
575,Switzerland,2.0,4.0,0.08,0.04,29.500000371266157,HARISS,199.0,885.0,847.0,1689.0
576,Switzerland,2.0,4.0,0.08,0.04,16.468172763200446,ICU,37.0,796.0,845.0,1843.0
577,Switzerland,2.0,4.0,0.08,0.04,26.500000185155088,HARISS,45.0,843.0,819.0,1733.0
578,Switzerland,2.0,4.0,0.08,0.04,18.0,AWW,NaN,831.0,786.0,1822.0
579,Switzerland,2.0,4.0,0.08,0.04,32.0,AWW,578.0,854.0,777.0,1713.0
580,Switzerland,2.0,4.0,0.08,0.04,33.50000055380355,HARISS,1521.0,892.0,797.0,1733.0
581,Switzerland,2.0,4.0,0.08,0.04,16.933749224005943,ICU,84.0,861.0,735.0,1791.0
582,Switzerland,2.0,4.0,0.08,0.04,32.93701364142607,ICU,1695.0,826.0,751.0,1810.0
583,Switzerland,2.0,4.0,0.08,0.04,30.0,AWW,670.0,811.0,790.0,1750.0
584,Switzerland,2.0,4.0,0.08,0.04,29.0,AWW,105.0,884.0,808.0,1787.0
585,Switzerland,2.0,4.0,0.08,0.04,27.78767473077164,ICU,63.0,844.0,762.0,1796.0
586,Switzerland,2.0,4.0,0.08,0.04,31.24990281455911,ICU,169.0,813.0,772.0,1764.0
587,Switzerland,2.0,4.0,0.08,0.04,27.0,AWW,452.0,862.0,791.0,1766.0
588,Switzerland,2.0,4.0,0.08,0.04,19.83448621874741,ICU,31.0,794.0,815.0,1777.0
589,Switzerland,2.0,4.0,0.08,0.04,33.50000060948004,HARISS,671.0,829.0,803.0,1763.0
590,Switzerland,2.0,4.0,0.08,0.04,26.0,AWW,180.0,866.0,810.0,1799.0
591,Switzerland,2.0,4.0,0.08,0.04,36.0,AWW,1735.0,831.0,818.0,1740.0
592,Switzerland,2.0,4.0,0.08,0.04,30.88064195213947,ICU,319.0,870.0,757.0,1734.0
593,Switzerland,2.0,4.0,0.08,0.04,26.50000010105426,HARISS,32.0,861.0,817.0,1787.0
594,Switzerland,2.0,4.0,0.08,0.04,22.700087242084823,ICU,1302.0,828.0,797.0,1709.0
595,Switzerland,2.0,4.0,0.08,0.04,32.73002485149326,ICU,232.0,855.0,803.0,1793.0
596,Switzerland,2.0,4.0,0.08,0.04,25.0,AWW,6.0,832.0,824.0,1804.0
597,Switzerland,2.0,4.0,0.08,0.04,33.50000097094399,HARISS,486.0,836.0,790.0,1788.0
598,Switzerland,2.0,4.0,0.08,0.04,30.0,AWW,202.0,890.0,792.0,1729.0
599,Switzerland,2.0,4.0,0.08,0.04,32.0,AWW,348.0,852.0,776.0,1832.0
600,Switzerland,2.0,4.0,0.08,0.04,24.335082291481797,ICU,37.0,872.0,811.0,1728.0
601,Switzerland,2.0,4.0,0.08,0.04,31.0,AWW,31.0,859.0,813.0,1812.0
602,Switzerland,2.0,4.0,0.08,0.04,29.500000477419974,HARISS,441.0,888.0,829.0,1812.0
603,Switzerland,2.0,4.0,0.08,0.04,33.500000235503336,HARISS,525.0,847.0,772.0,1797.0
604,Switzerland,2.0,4.0,0.08,0.04,31.90732602814618,ICU,61.0,915.0,774.0,1718.0
605,Switzerland,2.0,4.0,0.08,0.04,21.403575084527922,ICU,227.0,850.0,771.0,1780.0
606,Switzerland,2.0,4.0,0.08,0.04,22.474194692059296,ICU,172.0,836.0,842.0,1766.0
607,Switzerland,2.0,4.0,0.08,0.04,30.0,AWW,124.0,837.0,769.0,1715.0
608,Switzerland,2.0,4.0,0.08,0.04,32.0,AWW,220.0,864.0,788.0,1731.0
609,Switzerland,2.0,4.0,0.08,0.04,30.503774233223485,ICU,245.0,825.0,773.0,1714.0
610,Switzerland,2.0,4.0,0.08,0.04,22.50000066848876,HARISS,44.0,903.0,791.0,1743.0
611,Switzerland,2.0,4.0,0.08,0.04,19.500000334302676,HARISS,162.0,800.0,778.0,1782.0
612,Switzerland,2.0,4.0,0.08,0.04,35.0,AWW,211.0,878.0,763.0,1763.0
613,Switzerland,2.0,4.0,0.08,0.04,33.50000007637469,HARISS,2459.0,866.0,807.0,1815.0
614,Switzerland,2.0,4.0,0.08,0.04,28.432668900264716,ICU,126.0,841.0,775.0,1817.0
615,Switzerland,2.0,4.0,0.08,0.04,23.764160503304634,ICU,979.0,797.0,833.0,1877.0
616,Switzerland,2.0,4.0,0.08,0.04,34.0,AWW,359.0,852.0,789.0,1775.0
617,Switzerland,2.0,4.0,0.08,0.04,33.9438176032037,ICU,1319.0,820.0,793.0,1753.0
618,Switzerland,2.0,4.0,0.08,0.04,32.446656379767234,ICU,436.0,846.0,801.0,1805.0
619,Switzerland,2.0,4.0,0.08,0.04,28.0,AWW,40.0,845.0,812.0,1714.0
620,Switzerland,2.0,4.0,0.08,0.04,27.21687710078698,ICU,300.0,821.0,823.0,1801.0
621,Switzerland,2.0,4.0,0.08,0.04,36.50000079628312,HARISS,692.0,823.0,810.0,1777.0
622,Switzerland,2.0,4.0,0.08,0.04,26.0,AWW,11.0,899.0,759.0,1722.0
623,Switzerland,2.0,4.0,0.08,0.04,32.0,AWW,550.0,831.0,757.0,1774.0
624,Switzerland,2.0,4.0,0.08,0.04,6.0,AWW,NaN,830.0,825.0,1663.0
625,Switzerland,2.0,4.0,0.08,0.04,32.398363882932436,ICU,316.0,759.0,786.0,1790.0
626,Switzerland,2.0,4.0,0.08,0.04,22.533092607727745,ICU,59.0,835.0,757.0,1764.0
627,Switzerland,2.0,4.0,0.08,0.04,26.50000009400636,HARISS,74.0,835.0,786.0,1705.0
628,Switzerland,2.0,4.0,0.08,0.04,31.0,AWW,141.0,808.0,757.0,1800.0
629,Switzerland,2.0,4.0,0.08,0.04,23.457679250294202,ICU,176.0,815.0,818.0,1775.0
630,Switzerland,2.0,4.0,0.08,0.04,21.0,AWW,192.0,826.0,774.0,1680.0
631,Switzerland,2.0,4.0,0.08,0.04,26.50000064702353,HARISS,120.0,834.0,792.0,1770.0
632,Switzerland,2.0,4.0,0.08,0.04,30.0,AWW,89.0,849.0,771.0,1735.0
633,Switzerland,2.0,4.0,0.08,0.04,35.0,AWW,1518.0,849.0,809.0,1801.0
634,Switzerland,2.0,4.0,0.08,0.04,17.882089046122346,ICU,3.0,875.0,787.0,1736.0
635,Switzerland,2.0,4.0,0.08,0.04,30.0,AWW,219.0,823.0,828.0,1741.0
636,Switzerland,2.0,4.0,0.08,0.04,31.0,AWW,208.0,895.0,791.0,1737.0
637,Switzerland,2.0,4.0,0.08,0.04,14.083640288819366,ICU,44.0,852.0,759.0,1768.0
638,Switzerland,2.0,4.0,0.08,0.04,21.784326788997145,ICU,73.0,863.0,783.0,1723.0
639,Switzerland,2.0,4.0,0.08,0.04,37.0,AWW,641.0,854.0,825.0,1748.0
640,Switzerland,2.0,4.0,0.08,0.04,26.89833515853693,ICU,449.0,861.0,757.0,1673.0
641,Switzerland,2.0,4.0,0.08,0.04,40.0,AWW,2690.0,859.0,784.0,1714.0
642,Switzerland,2.0,4.0,0.08,0.04,17.064596647321448,ICU,12.0,868.0,817.0,1774.0
643,Switzerland,2.0,4.0,0.08,0.04,32.0,AWW,476.0,784.0,792.0,1832.0
644,Switzerland,2.0,4.0,0.08,0.04,28.0,AWW,136.0,822.0,740.0,1810.0
645,Switzerland,2.0,4.0,0.08,0.04,23.0,AWW,20.0,836.0,810.0,1733.0
646,Switzerland,2.0,4.0,0.08,0.04,31.0,AWW,53.0,877.0,783.0,1733.0
647,Switzerland,2.0,4.0,0.08,0.04,25.0,AWW,65.0,838.0,786.0,1761.0
648,Switzerland,2.0,4.0,0.08,0.04,39.0,AWW,1169.0,840.0,803.0,1833.0
649,Switzerland,2.0,4.0,0.08,0.04,28.0,AWW,127.0,902.0,776.0,1871.0
650,Switzerland,2.0,4.0,0.08,0.04,29.0,AWW,235.0,818.0,783.0,1778.0
651,Switzerland,2.0,4.0,0.08,0.04,26.033248150566134,ICU,224.0,806.0,764.0,1749.0
652,Switzerland,2.0,4.0,0.08,0.04,23.0,AWW,2.0,836.0,769.0,1719.0
653,Switzerland,2.0,4.0,0.08,0.04,21.253165253041388,ICU,566.0,838.0,753.0,1670.0
654,Switzerland,2.0,4.0,0.08,0.04,20.10886301234418,ICU,56.0,852.0,818.0,1736.0
655,Switzerland,2.0,4.0,0.08,0.04,29.500000617586295,HARISS,111.0,803.0,810.0,1764.0
656,Switzerland,2.0,4.0,0.08,0.04,21.113225398865413,ICU,0.0,863.0,738.0,1777.0
657,Switzerland,2.0,4.0,0.08,0.04,6.0,AWW,NaN,878.0,774.0,1728.0
658,Switzerland,2.0,4.0,0.08,0.04,26.500000915546014,HARISS,79.0,847.0,808.0,1705.0
659,Switzerland,2.0,4.0,0.08,0.04,28.0,AWW,14.0,860.0,788.0,1821.0
660,Switzerland,2.0,4.0,0.08,0.04,23.767973799311495,ICU,63.0,798.0,841.0,1755.0
661,Switzerland,2.0,4.0,0.08,0.04,33.0,AWW,133.0,786.0,795.0,1772.0
662,Switzerland,2.0,4.0,0.08,0.04,19.50000000103773,HARISS,100.0,882.0,805.0,1777.0
663,Switzerland,2.0,4.0,0.08,0.04,32.0,AWW,242.0,849.0,759.0,1703.0
664,Switzerland,2.0,4.0,0.08,0.04,33.50000083013597,HARISS,640.0,815.0,836.0,1781.0
665,Switzerland,2.0,4.0,0.08,0.04,29.50000048715739,HARISS,960.0,893.0,813.0,1735.0
666,Switzerland,2.0,4.0,0.08,0.04,26.500000154791064,HARISS,2630.0,836.0,774.0,1770.0
667,Switzerland,2.0,4.0,0.08,0.04,29.500000988663917,HARISS,123.0,832.0,776.0,1708.0
668,Switzerland,2.0,4.0,0.08,0.04,32.741796542236635,ICU,239.0,857.0,793.0,1742.0
669,Switzerland,2.0,4.0,0.08,0.04,32.64256342903539,ICU,223.0,827.0,733.0,1903.0
670,Switzerland,2.0,4.0,0.08,0.04,29.0,AWW,359.0,820.0,753.0,1779.0
671,Switzerland,2.0,4.0,0.08,0.04,32.12169490984047,ICU,675.0,827.0,818.0,1800.0
672,Switzerland,2.0,4.0,0.08,0.04,33.5834688050009,ICU,204.0,821.0,785.0,1747.0
673,Switzerland,2.0,4.0,0.08,0.04,32.0,AWW,258.0,822.0,810.0,1718.0
674,Switzerland,2.0,4.0,0.08,0.04,30.0,AWW,280.0,856.0,813.0,1792.0
675,Switzerland,2.0,4.0,0.08,0.04,24.098711397598425,ICU,53.0,869.0,746.0,1728.0
676,Switzerland,2.0,4.0,0.08,0.04,24.615047626115025,ICU,35.0,862.0,832.0,1736.0
677,Switzerland,2.0,4.0,0.08,0.04,25.0,AWW,97.0,834.0,770.0,1820.0
678,Switzerland,2.0,4.0,0.08,0.04,15.0,AWW,8.0,867.0,810.0,1815.0
679,Switzerland,2.0,4.0,0.08,0.04,22.95082124968365,ICU,103.0,842.0,809.0,1683.0
680,Switzerland,2.0,4.0,0.08,0.04,14.0,AWW,NaN,873.0,803.0,1720.0
681,Switzerland,2.0,4.0,0.08,0.04,21.0,AWW,0.0,823.0,809.0,1791.0
682,Switzerland,2.0,4.0,0.08,0.04,17.0,AWW,2.0,840.0,788.0,1784.0
683,Switzerland,2.0,4.0,0.08,0.04,30.0,AWW,79.0,845.0,755.0,1776.0
684,Switzerland,2.0,4.0,0.08,0.04,33.0,AWW,444.0,880.0,780.0,1828.0
685,Switzerland,2.0,4.0,0.08,0.04,29.965184581305056,ICU,175.0,844.0,842.0,1788.0
686,Switzerland,2.0,4.0,0.08,0.04,26.5000003591766,HARISS,136.0,806.0,758.0,1706.0
687,Switzerland,2.0,4.0,0.08,0.04,28.0,AWW,27.0,828.0,783.0,1793.0
688,Switzerland,2.0,4.0,0.08,0.04,19.500000662220586,HARISS,330.0,858.0,797.0,1810.0
689,Switzerland,2.0,4.0,0.08,0.04,31.9730772941885,ICU,150.0,825.0,793.0,1761.0
690,Switzerland,2.0,4.0,0.08,0.04,30.781284647324643,ICU,61.0,862.0,738.0,1720.0
691,Switzerland,2.0,4.0,0.08,0.04,30.247294851587277,ICU,273.0,868.0,824.0,1763.0
692,Switzerland,2.0,4.0,0.08,0.04,35.0,AWW,273.0,826.0,765.0,1770.0
693,Switzerland,2.0,4.0,0.08,0.04,18.0,AWW,NaN,819.0,784.0,1774.0
694,Switzerland,2.0,4.0,0.08,0.04,35.257632500108144,ICU,1699.0,845.0,794.0,1769.0
695,Switzerland,2.0,4.0,0.08,0.04,28.78749895501844,ICU,668.0,913.0,793.0,1723.0
696,Switzerland,2.0,4.0,0.08,0.04,29.0,AWW,281.0,867.0,767.0,1739.0
697,Switzerland,2.0,4.0,0.08,0.04,29.500000235126176,HARISS,571.0,828.0,768.0,1718.0
698,Switzerland,2.0,4.0,0.08,0.04,34.0,AWW,587.0,868.0,795.0,1806.0
699,Switzerland,2.0,4.0,0.08,0.04,29.500000532025496,HARISS,147.0,854.0,762.0,1800.0
700,Switzerland,2.0,4.0,0.08,0.04,23.896551510584302,ICU,15.0,866.0,812.0,1788.0
701,Switzerland,2.0,4.0,0.08,0.04,15.500000075937201,HARISS,51.0,852.0,796.0,1776.0
702,Switzerland,2.0,4.0,0.08,0.04,19.01502697647675,ICU,102.0,800.0,764.0,1783.0
703,Switzerland,2.0,4.0,0.08,0.04,27.764872850025956,ICU,215.0,842.0,722.0,1818.0
704,Switzerland,2.0,4.0,0.08,0.04,16.0,AWW,25.0,874.0,772.0,1820.0
705,Switzerland,2.0,4.0,0.08,0.04,29.50000065637504,HARISS,516.0,792.0,781.0,1799.0
706,Switzerland,2.0,4.0,0.08,0.04,29.0,AWW,137.0,823.0,827.0,1758.0
707,Switzerland,2.0,4.0,0.08,0.04,36.500000211589175,HARISS,955.0,880.0,815.0,1741.0
708,Switzerland,2.0,4.0,0.08,0.04,26.391672429956884,ICU,42.0,837.0,810.0,1743.0
709,Switzerland,2.0,4.0,0.08,0.04,26.500000609447948,HARISS,265.0,903.0,772.0,1727.0
710,Switzerland,2.0,4.0,0.08,0.04,28.0,AWW,307.0,833.0,785.0,1755.0
711,Switzerland,2.0,4.0,0.08,0.04,28.813113679226124,ICU,218.0,877.0,769.0,1804.0
712,Switzerland,2.0,4.0,0.08,0.04,35.0,AWW,504.0,799.0,796.0,1778.0
713,Switzerland,2.0,4.0,0.08,0.04,9.0,AWW,0.0,822.0,768.0,1746.0
714,Switzerland,2.0,4.0,0.08,0.04,38.0,AWW,634.0,863.0,785.0,1741.0
715,Switzerland,2.0,4.0,0.08,0.04,28.0,AWW,136.0,842.0,783.0,1747.0
716,Switzerland,2.0,4.0,0.08,0.04,31.0,AWW,112.0,892.0,760.0,1709.0
717,Switzerland,2.0,4.0,0.08,0.04,26.500000390597428,HARISS,89.0,778.0,794.0,1740.0
718,Switzerland,2.0,4.0,0.08,0.04,26.0,AWW,22.0,856.0,825.0,1690.0
719,Switzerland,2.0,4.0,0.08,0.04,36.0,AWW,775.0,881.0,744.0,1782.0
720,Switzerland,2.0,4.0,0.08,0.04,32.0,AWW,293.0,825.0,773.0,1725.0
721,Switzerland,2.0,4.0,0.08,0.04,36.0,AWW,846.0,864.0,772.0,1804.0
722,Switzerland,2.0,4.0,0.08,0.04,28.59124228049459,ICU,498.0,876.0,814.0,1746.0
723,Switzerland,2.0,4.0,0.08,0.04,22.500000050907456,HARISS,33.0,811.0,764.0,1704.0
724,Switzerland,2.0,4.0,0.08,0.04,16.607512972707358,ICU,64.0,802.0,793.0,1845.0
725,Switzerland,2.0,4.0,0.08,0.04,37.0,AWW,899.0,803.0,759.0,1790.0
726,Switzerland,2.0,4.0,0.08,0.04,27.480690947996326,ICU,415.0,843.0,742.0,1734.0
727,Switzerland,2.0,4.0,0.08,0.04,35.0,AWW,309.0,866.0,800.0,1768.0
728,Switzerland,2.0,4.0,0.08,0.04,30.0,AWW,129.0,860.0,818.0,1784.0
729,Switzerland,2.0,4.0,0.08,0.04,28.68104720082275,ICU,731.0,879.0,834.0,1756.0
730,Switzerland,2.0,4.0,0.08,0.04,26.500000257767393,HARISS,456.0,822.0,822.0,1798.0
731,Switzerland,2.0,4.0,0.08,0.04,21.0,AWW,66.0,825.0,786.0,1823.0
732,Switzerland,2.0,4.0,0.08,0.04,21.85060324786088,ICU,144.0,857.0,771.0,1680.0
733,Switzerland,2.0,4.0,0.08,0.04,30.303321599568267,ICU,214.0,888.0,813.0,1736.0
734,Switzerland,2.0,4.0,0.08,0.04,31.0,AWW,43.0,850.0,781.0,1731.0
735,Switzerland,2.0,4.0,0.08,0.04,18.334641893985804,ICU,51.0,893.0,762.0,1733.0
736,Switzerland,2.0,4.0,0.08,0.04,27.0,AWW,88.0,854.0,750.0,1809.0
737,Switzerland,2.0,4.0,0.08,0.04,26.500000546231053,HARISS,230.0,840.0,777.0,1744.0
738,Switzerland,2.0,4.0,0.08,0.04,15.472710684063768,ICU,207.0,897.0,828.0,1760.0
739,Switzerland,2.0,4.0,0.08,0.04,29.0,AWW,138.0,869.0,822.0,1792.0
740,Switzerland,2.0,4.0,0.08,0.04,19.214436313232866,ICU,363.0,851.0,790.0,1735.0
741,Switzerland,2.0,4.0,0.08,0.04,14.158499379622828,ICU,183.0,827.0,786.0,1816.0
742,Switzerland,2.0,4.0,0.08,0.04,37.0,AWW,1314.0,870.0,753.0,1726.0
743,Switzerland,2.0,4.0,0.08,0.04,19.500000765931357,HARISS,22.0,834.0,777.0,1795.0
744,Switzerland,2.0,4.0,0.08,0.04,19.500000152857247,HARISS,363.0,842.0,788.0,1752.0
745,Switzerland,2.0,4.0,0.08,0.04,40.0,AWW,1022.0,850.0,766.0,1718.0
746,Switzerland,2.0,4.0,0.08,0.04,36.50000049371397,HARISS,471.0,828.0,771.0,1719.0
747,Switzerland,2.0,4.0,0.08,0.04,33.0,AWW,412.0,852.0,750.0,1675.0
748,Switzerland,2.0,4.0,0.08,0.04,33.500000087317545,HARISS,1038.0,830.0,775.0,1696.0
749,Switzerland,2.0,4.0,0.08,0.04,30.0,AWW,101.0,861.0,800.0,1741.0
750,Switzerland,2.0,4.0,0.08,0.04,27.0,AWW,175.0,868.0,772.0,1780.0
751,Switzerland,2.0,4.0,0.08,0.04,26.990757798413654,ICU,335.0,821.0,790.0,1748.0
752,Switzerland,2.0,4.0,0.08,0.04,19.0,AWW,30.0,843.0,750.0,1818.0
753,Switzerland,2.0,4.0,0.08,0.04,34.18313041721905,ICU,625.0,816.0,769.0,1771.0
754,Switzerland,2.0,4.0,0.08,0.04,31.0,AWW,572.0,839.0,862.0,1754.0
755,Switzerland,2.0,4.0,0.08,0.04,28.406220138255406,ICU,340.0,905.0,793.0,1745.0
756,Switzerland,2.0,4.0,0.08,0.04,33.0,AWW,83.0,826.0,757.0,1785.0
757,Switzerland,2.0,4.0,0.08,0.04,33.0,AWW,177.0,788.0,793.0,1770.0
758,Switzerland,2.0,4.0,0.08,0.04,13.0,AWW,13.0,827.0,752.0,1726.0
759,Switzerland,2.0,4.0,0.08,0.04,22.500000268088158,HARISS,364.0,840.0,761.0,1785.0
760,Switzerland,2.0,4.0,0.08,0.04,22.29354165200842,ICU,251.0,791.0,809.0,1673.0
761,Switzerland,2.0,4.0,0.08,0.04,23.00940080576991,ICU,1571.0,837.0,825.0,1778.0
762,Switzerland,2.0,4.0,0.08,0.04,30.58503750484454,ICU,796.0,844.0,808.0,1697.0
763,Switzerland,2.0,4.0,0.08,0.04,23.0,AWW,371.0,832.0,797.0,1853.0
764,Switzerland,2.0,4.0,0.08,0.04,34.0,AWW,600.0,864.0,771.0,1769.0
765,Switzerland,2.0,4.0,0.08,0.04,34.0,AWW,241.0,924.0,795.0,1804.0
766,Switzerland,2.0,4.0,0.08,0.04,18.0,AWW,12.0,838.0,775.0,1703.0
767,Switzerland,2.0,4.0,0.08,0.04,32.0,AWW,381.0,856.0,764.0,1782.0
768,Switzerland,2.0,4.0,0.08,0.04,25.0,AWW,21.0,841.0,807.0,1730.0
769,Switzerland,2.0,4.0,0.08,0.04,28.159613017955458,ICU,1153.0,878.0,781.0,1713.0
770,Switzerland,2.0,4.0,0.08,0.04,29.721533559574926,ICU,202.0,871.0,801.0,1777.0
771,Switzerland,2.0,4.0,0.08,0.04,27.0,AWW,179.0,823.0,809.0,1815.0
772,Switzerland,2.0,4.0,0.08,0.04,27.0,AWW,153.0,810.0,782.0,1729.0
773,Switzerland,2.0,4.0,0.08,0.04,18.96585183840353,ICU,360.0,813.0,799.0,1691.0
774,Switzerland,2.0,4.0,0.08,0.04,30.0,AWW,344.0,835.0,767.0,1781.0
775,Switzerland,2.0,4.0,0.08,0.04,28.53735552523838,ICU,636.0,873.0,821.0,1779.0
776,Switzerland,2.0,4.0,0.08,0.04,26.515765399852224,ICU,1434.0,816.0,806.0,1749.0
777,Switzerland,2.0,4.0,0.08,0.04,40.50000086040525,HARISS,1821.0,830.0,787.0,1751.0
778,Switzerland,2.0,4.0,0.08,0.04,36.0,AWW,585.0,862.0,789.0,1750.0
779,Switzerland,2.0,4.0,0.08,0.04,34.66085358189062,ICU,229.0,842.0,768.0,1750.0
780,Switzerland,2.0,4.0,0.08,0.04,32.0,AWW,311.0,840.0,810.0,1799.0
781,Switzerland,2.0,4.0,0.08,0.04,25.697189860547105,ICU,239.0,866.0,795.0,1782.0
782,Switzerland,2.0,4.0,0.08,0.04,33.50000066429606,HARISS,411.0,892.0,853.0,1706.0
783,Switzerland,2.0,4.0,0.08,0.04,26.500000329798066,HARISS,49.0,806.0,813.0,1764.0
784,Switzerland,2.0,4.0,0.08,0.04,31.0,AWW,268.0,831.0,818.0,1738.0
785,Switzerland,2.0,4.0,0.08,0.04,22.500000710749045,HARISS,683.0,845.0,798.0,1765.0
786,Switzerland,2.0,4.0,0.08,0.04,37.0,AWW,1487.0,803.0,816.0,1727.0
787,Switzerland,2.0,4.0,0.08,0.04,33.50000052970564,HARISS,505.0,906.0,794.0,1710.0
788,Switzerland,2.0,4.0,0.08,0.04,26.500000167440746,HARISS,1129.0,829.0,788.0,1726.0
789,Switzerland,2.0,4.0,0.08,0.04,29.387655219099493,ICU,170.0,814.0,762.0,1776.0
790,Switzerland,2.0,4.0,0.08,0.04,33.283890616232966,ICU,230.0,880.0,787.0,1738.0
791,Switzerland,2.0,4.0,0.08,0.04,24.11657328759344,ICU,910.0,885.0,812.0,1761.0
792,Switzerland,2.0,4.0,0.08,0.04,36.0,AWW,632.0,786.0,759.0,1664.0
793,Switzerland,2.0,4.0,0.08,0.04,36.50000026000282,HARISS,359.0,851.0,739.0,1669.0
794,Switzerland,2.0,4.0,0.08,0.04,33.5000004472335,HARISS,1537.0,852.0,755.0,1781.0
795,Switzerland,2.0,4.0,0.08,0.04,27.0,AWW,1048.0,829.0,802.0,1757.0
796,Switzerland,2.0,4.0,0.08,0.04,32.58256901659055,ICU,455.0,849.0,826.0,1714.0
797,Switzerland,2.0,4.0,0.08,0.04,26.0,AWW,147.0,848.0,737.0,1753.0
798,Switzerland,2.0,4.0,0.08,0.04,23.0,AWW,11.0,804.0,790.0,1752.0
799,Switzerland,2.0,4.0,0.08,0.04,26.50000053930053,HARISS,58.0,890.0,761.0,1720.0
800,Switzerland,2.0,4.0,0.08,0.04,15.17908899661714,ICU,63.0,891.0,719.0,1773.0
801,Switzerland,2.0,4.0,0.08,0.04,33.50000022183164,HARISS,2202.0,855.0,758.0,1687.0
802,Switzerland,2.0,4.0,0.08,0.04,16.45151570489286,ICU,654.0,893.0,784.0,1761.0
803,Switzerland,2.0,4.0,0.08,0.04,15.0,AWW,0.0,859.0,831.0,1757.0
804,Switzerland,2.0,4.0,0.08,0.04,32.0,AWW,772.0,884.0,820.0,1815.0
805,Switzerland,2.0,4.0,0.08,0.04,34.23113476325691,ICU,515.0,823.0,798.0,1754.0
806,Switzerland,2.0,4.0,0.08,0.04,26.50000062999936,HARISS,254.0,845.0,751.0,1731.0
807,Switzerland,2.0,4.0,0.08,0.04,33.0,AWW,215.0,864.0,789.0,1767.0
808,Switzerland,2.0,4.0,0.08,0.04,22.0,AWW,10.0,843.0,827.0,1746.0
809,Switzerland,2.0,4.0,0.08,0.04,33.500000273817236,HARISS,180.0,802.0,822.0,1776.0
810,Switzerland,2.0,4.0,0.08,0.04,28.926508471191397,ICU,137.0,857.0,781.0,1775.0
811,Switzerland,2.0,4.0,0.08,0.04,24.0,AWW,17.0,801.0,762.0,1779.0
812,Switzerland,2.0,4.0,0.08,0.04,39.0,AWW,2660.0,831.0,803.0,1751.0
813,Switzerland,2.0,4.0,0.08,0.04,29.436213116654038,ICU,64.0,883.0,806.0,1778.0
814,Switzerland,2.0,4.0,0.08,0.04,35.0,AWW,788.0,827.0,807.0,1772.0
815,Switzerland,2.0,4.0,0.08,0.04,15.500000974317597,HARISS,5.0,863.0,794.0,1740.0
816,Switzerland,2.0,4.0,0.08,0.04,17.248278938008948,ICU,24.0,845.0,805.0,1694.0
817,Switzerland,2.0,4.0,0.08,0.04,32.71942876306892,ICU,426.0,850.0,788.0,1755.0
818,Switzerland,2.0,4.0,0.08,0.04,25.76564382705404,ICU,227.0,821.0,832.0,1841.0
819,Switzerland,2.0,4.0,0.08,0.04,31.0,AWW,176.0,865.0,800.0,1743.0
820,Switzerland,2.0,4.0,0.08,0.04,10.0,AWW,4.0,904.0,812.0,1785.0
821,Switzerland,2.0,4.0,0.08,0.04,36.0,AWW,619.0,863.0,754.0,1717.0
822,Switzerland,2.0,4.0,0.08,0.04,25.665383836296904,ICU,294.0,863.0,766.0,1808.0
823,Switzerland,2.0,4.0,0.08,0.04,19.356381293941674,ICU,76.0,842.0,831.0,1792.0
824,Switzerland,2.0,4.0,0.08,0.04,32.0,AWW,175.0,829.0,807.0,1777.0
825,Switzerland,2.0,4.0,0.08,0.04,29.50000010324384,HARISS,590.0,850.0,757.0,1752.0
826,Switzerland,2.0,4.0,0.08,0.04,34.69299660359517,ICU,504.0,877.0,768.0,1764.0
827,Switzerland,2.0,4.0,0.08,0.04,36.500000147430114,HARISS,777.0,832.0,819.0,1757.0
828,Switzerland,2.0,4.0,0.08,0.04,35.50594278002199,ICU,639.0,851.0,812.0,1760.0
829,Switzerland,2.0,4.0,0.08,0.04,9.0,AWW,NaN,796.0,769.0,1766.0
830,Switzerland,2.0,4.0,0.08,0.04,25.109306151032847,ICU,28.0,864.0,819.0,1738.0
831,Switzerland,2.0,4.0,0.08,0.04,26.8171811723123,ICU,366.0,848.0,797.0,1758.0
832,Switzerland,2.0,4.0,0.08,0.04,23.0,AWW,771.0,905.0,782.0,1763.0
833,Switzerland,2.0,4.0,0.08,0.04,28.84260789515495,ICU,961.0,835.0,761.0,1716.0
834,Switzerland,2.0,4.0,0.08,0.04,24.645425890403793,ICU,531.0,832.0,806.0,1808.0
835,Switzerland,2.0,4.0,0.08,0.04,24.22802124634429,ICU,547.0,823.0,790.0,1696.0
836,Switzerland,2.0,4.0,0.08,0.04,28.83849888774163,ICU,490.0,823.0,756.0,1677.0
837,Switzerland,2.0,4.0,0.08,0.04,36.0,AWW,878.0,829.0,819.0,1829.0
838,Switzerland,2.0,4.0,0.08,0.04,33.50000091059032,HARISS,699.0,855.0,804.0,1798.0
839,Switzerland,2.0,4.0,0.08,0.04,31.0,AWW,493.0,883.0,743.0,1785.0
840,Switzerland,2.0,4.0,0.08,0.04,32.760890423533596,ICU,386.0,879.0,747.0,1732.0
841,Switzerland,2.0,4.0,0.08,0.04,29.500000852424996,HARISS,447.0,885.0,780.0,1723.0
842,Switzerland,2.0,4.0,0.08,0.04,31.790994779624544,ICU,246.0,883.0,782.0,1749.0
843,Switzerland,2.0,4.0,0.08,0.04,36.0,AWW,919.0,817.0,744.0,1798.0
844,Switzerland,2.0,4.0,0.08,0.04,29.50000084239084,HARISS,189.0,838.0,811.0,1730.0
845,Switzerland,2.0,4.0,0.08,0.04,26.0,AWW,8.0,821.0,781.0,1710.0
846,Switzerland,2.0,4.0,0.08,0.04,36.0,AWW,800.0,838.0,796.0,1777.0
847,Switzerland,2.0,4.0,0.08,0.04,35.0,AWW,368.0,855.0,772.0,1673.0
848,Switzerland,2.0,4.0,0.08,0.04,33.0,AWW,249.0,808.0,807.0,1762.0
849,Switzerland,2.0,4.0,0.08,0.04,31.0,AWW,357.0,861.0,796.0,1717.0
850,Switzerland,2.0,4.0,0.08,0.04,13.836481155353841,ICU,11.0,791.0,790.0,1732.0
851,Switzerland,2.0,4.0,0.08,0.04,27.48932782060841,ICU,394.0,908.0,797.0,1718.0
852,Switzerland,2.0,4.0,0.08,0.04,35.0,AWW,562.0,819.0,806.0,1795.0
853,Switzerland,2.0,4.0,0.08,0.04,35.64534964406193,ICU,688.0,854.0,789.0,1747.0
854,Switzerland,2.0,4.0,0.08,0.04,39.182428897830235,ICU,2407.0,828.0,809.0,1728.0
855,Switzerland,2.0,4.0,0.08,0.04,29.400461797563423,ICU,306.0,868.0,756.0,1751.0
856,Switzerland,2.0,4.0,0.08,0.04,22.694510516007618,ICU,419.0,886.0,824.0,1779.0
857,Switzerland,2.0,4.0,0.08,0.04,32.0,AWW,241.0,829.0,751.0,1764.0
858,Switzerland,2.0,4.0,0.08,0.04,11.0,AWW,NaN,802.0,788.0,1714.0
859,Switzerland,2.0,4.0,0.08,0.04,29.0,AWW,338.0,878.0,753.0,1793.0
860,Switzerland,2.0,4.0,0.08,0.04,30.0,AWW,62.0,832.0,822.0,1792.0
861,Switzerland,2.0,4.0,0.08,0.04,40.50000066934004,HARISS,2270.0,844.0,757.0,1708.0
862,Switzerland,2.0,4.0,0.08,0.04,35.0,AWW,373.0,840.0,765.0,1752.0
863,Switzerland,2.0,4.0,0.08,0.04,35.0,AWW,300.0,853.0,819.0,1729.0
864,Switzerland,2.0,4.0,0.08,0.04,36.0,AWW,344.0,837.0,774.0,1702.0
865,Switzerland,2.0,4.0,0.08,0.04,34.0,AWW,417.0,836.0,834.0,1732.0
866,Switzerland,2.0,4.0,0.08,0.04,32.21805833122255,ICU,181.0,847.0,746.0,1745.0
867,Switzerland,2.0,4.0,0.08,0.04,33.0,AWW,123.0,831.0,777.0,1716.0
868,Switzerland,2.0,4.0,0.08,0.04,6.406842668779971,ICU,1.0,863.0,774.0,1729.0
869,Switzerland,2.0,4.0,0.08,0.04,33.74894622024371,ICU,1123.0,812.0,804.0,1754.0
870,Switzerland,2.0,4.0,0.08,0.04,33.5000006912046,HARISS,816.0,804.0,794.0,1788.0
871,Switzerland,2.0,4.0,0.08,0.04,22.208954555497527,ICU,440.0,842.0,803.0,1795.0
872,Switzerland,2.0,4.0,0.08,0.04,34.0,AWW,664.0,813.0,799.0,1745.0
873,Switzerland,2.0,4.0,0.08,0.04,33.0,AWW,1111.0,812.0,766.0,1841.0
874,Switzerland,2.0,4.0,0.08,0.04,26.500000629315753,HARISS,896.0,785.0,798.0,1731.0
875,Switzerland,2.0,4.0,0.08,0.04,27.204715126827306,ICU,963.0,808.0,807.0,1735.0
876,Switzerland,2.0,4.0,0.08,0.04,36.50000053825213,HARISS,623.0,834.0,809.0,1737.0
877,Switzerland,2.0,4.0,0.08,0.04,28.789309544335204,ICU,390.0,892.0,839.0,1807.0
878,Switzerland,2.0,4.0,0.08,0.04,29.500000468535443,HARISS,166.0,783.0,805.0,1810.0
879,Switzerland,2.0,4.0,0.08,0.04,30.0,AWW,94.0,862.0,809.0,1756.0
880,Switzerland,2.0,4.0,0.08,0.04,32.8864234930274,ICU,580.0,813.0,855.0,1742.0
881,Switzerland,2.0,4.0,0.08,0.04,29.397217959561235,ICU,102.0,897.0,804.0,1759.0
882,Switzerland,2.0,4.0,0.08,0.04,26.50000041316934,HARISS,9.0,885.0,798.0,1688.0
883,Switzerland,2.0,4.0,0.08,0.04,31.0,AWW,1230.0,795.0,810.0,1833.0
884,Switzerland,2.0,4.0,0.08,0.04,33.50000004884536,HARISS,432.0,896.0,833.0,1721.0
885,Switzerland,2.0,4.0,0.08,0.04,29.526590854162123,ICU,164.0,835.0,801.0,1700.0
886,Switzerland,2.0,4.0,0.08,0.04,36.50000086535927,HARISS,575.0,848.0,768.0,1790.0
887,Switzerland,2.0,4.0,0.08,0.04,29.500000977480553,HARISS,950.0,875.0,805.0,1779.0
888,Switzerland,2.0,4.0,0.08,0.04,33.50000084459305,HARISS,638.0,825.0,818.0,1723.0
889,Switzerland,2.0,4.0,0.08,0.04,31.05554878384008,ICU,290.0,835.0,797.0,1785.0
890,Switzerland,2.0,4.0,0.08,0.04,29.50000092946899,HARISS,223.0,872.0,758.0,1739.0
891,Switzerland,2.0,4.0,0.08,0.04,13.166848727030906,ICU,307.0,858.0,801.0,1807.0
892,Switzerland,2.0,4.0,0.08,0.04,27.81792058249233,ICU,346.0,813.0,803.0,1784.0
893,Switzerland,2.0,4.0,0.08,0.04,33.50000006677663,HARISS,513.0,882.0,820.0,1812.0
894,Switzerland,2.0,4.0,0.08,0.04,29.500000125860304,HARISS,617.0,844.0,821.0,1746.0
895,Switzerland,2.0,4.0,0.08,0.04,24.0,AWW,8.0,785.0,795.0,1746.0
896,Switzerland,2.0,4.0,0.08,0.04,21.707404288155196,ICU,147.0,863.0,771.0,1750.0
897,Switzerland,2.0,4.0,0.08,0.04,24.051788253714488,ICU,100.0,856.0,792.0,1749.0
898,Switzerland,2.0,4.0,0.08,0.04,23.0,AWW,100.0,867.0,769.0,1701.0
899,Switzerland,2.0,4.0,0.08,0.04,27.193001183273207,ICU,247.0,877.0,798.0,1747.0
900,Switzerland,2.0,4.0,0.08,0.04,31.0,AWW,234.0,851.0,776.0,1760.0
901,Switzerland,2.0,4.0,0.08,0.04,32.0,AWW,126.0,858.0,784.0,1768.0
902,Switzerland,2.0,4.0,0.08,0.04,6.0,AWW,NaN,843.0,845.0,1729.0
903,Switzerland,2.0,4.0,0.08,0.04,32.06240386669077,ICU,384.0,844.0,779.0,1725.0
904,Switzerland,2.0,4.0,0.08,0.04,32.0,AWW,54.0,820.0,805.0,1685.0
905,Switzerland,2.0,4.0,0.08,0.04,33.592720560397524,ICU,723.0,830.0,801.0,1741.0
906,Switzerland,2.0,4.0,0.08,0.04,35.0,AWW,1596.0,853.0,786.0,1810.0
907,Switzerland,2.0,4.0,0.08,0.04,32.0,AWW,114.0,890.0,752.0,1728.0
908,Switzerland,2.0,4.0,0.08,0.04,19.500000604609976,HARISS,10.0,825.0,800.0,1793.0
909,Switzerland,2.0,4.0,0.08,0.04,36.27272078816876,ICU,1363.0,825.0,757.0,1831.0
910,Switzerland,2.0,4.0,0.08,0.04,32.195135905129575,ICU,584.0,853.0,842.0,1774.0
911,Switzerland,2.0,4.0,0.08,0.04,29.0,AWW,167.0,862.0,808.0,1804.0
912,Switzerland,2.0,4.0,0.08,0.04,22.50000011228507,HARISS,33.0,929.0,781.0,1821.0
913,Switzerland,2.0,4.0,0.08,0.04,29.500000803637842,HARISS,384.0,876.0,820.0,1776.0
914,Switzerland,2.0,4.0,0.08,0.04,33.50000032034385,HARISS,395.0,857.0,784.0,1782.0
915,Switzerland,2.0,4.0,0.08,0.04,28.174844948969096,ICU,289.0,913.0,769.0,1827.0
916,Switzerland,2.0,4.0,0.08,0.04,23.0,AWW,46.0,839.0,780.0,1726.0
917,Switzerland,2.0,4.0,0.08,0.04,17.0,AWW,1.0,852.0,790.0,1709.0
918,Switzerland,2.0,4.0,0.08,0.04,31.0,AWW,378.0,838.0,822.0,1737.0
919,Switzerland,2.0,4.0,0.08,0.04,32.0,AWW,322.0,833.0,794.0,1766.0
920,Switzerland,2.0,4.0,0.08,0.04,33.50000017330921,HARISS,383.0,829.0,803.0,1773.0
921,Switzerland,2.0,4.0,0.08,0.04,35.0,AWW,1782.0,837.0,808.0,1745.0
922,Switzerland,2.0,4.0,0.08,0.04,28.0,AWW,33.0,848.0,793.0,1676.0
923,Switzerland,2.0,4.0,0.08,0.04,30.642780050216807,ICU,675.0,907.0,795.0,1816.0
924,Switzerland,2.0,4.0,0.08,0.04,29.500000095962413,HARISS,109.0,819.0,769.0,1734.0
925,Switzerland,2.0,4.0,0.08,0.04,29.615902294009487,ICU,1300.0,831.0,857.0,1752.0
926,Switzerland,2.0,4.0,0.08,0.04,21.0,AWW,10.0,846.0,802.0,1857.0
927,Switzerland,2.0,4.0,0.08,0.04,19.500000672268694,HARISS,42.0,847.0,801.0,1769.0
928,Switzerland,2.0,4.0,0.08,0.04,36.50000017722578,HARISS,998.0,852.0,805.0,1783.0
929,Switzerland,2.0,4.0,0.08,0.04,29.899179523630885,ICU,221.0,866.0,782.0,1736.0
930,Switzerland,2.0,4.0,0.08,0.04,32.0,AWW,1004.0,863.0,779.0,1775.0
931,Switzerland,2.0,4.0,0.08,0.04,33.62114968552237,ICU,274.0,835.0,776.0,1797.0
932,Switzerland,2.0,4.0,0.08,0.04,26.707936988127553,ICU,118.0,871.0,775.0,1735.0
933,Switzerland,2.0,4.0,0.08,0.04,31.0,AWW,584.0,822.0,805.0,1768.0
934,Switzerland,2.0,4.0,0.08,0.04,33.500000745022405,HARISS,743.0,859.0,763.0,1727.0
935,Switzerland,2.0,4.0,0.08,0.04,35.062496959078125,ICU,1023.0,854.0,805.0,1786.0
936,Switzerland,2.0,4.0,0.08,0.04,33.58938603597909,ICU,1304.0,938.0,782.0,1747.0
937,Switzerland,2.0,4.0,0.08,0.04,26.500000058113784,HARISS,313.0,849.0,799.0,1749.0
938,Switzerland,2.0,4.0,0.08,0.04,29.500000792464526,HARISS,148.0,813.0,792.0,1720.0
939,Switzerland,2.0,4.0,0.08,0.04,39.0,AWW,2849.0,844.0,816.0,1763.0
940,Switzerland,2.0,4.0,0.08,0.04,33.0,AWW,359.0,823.0,837.0,1827.0
941,Switzerland,2.0,4.0,0.08,0.04,29.0,AWW,34.0,838.0,836.0,1746.0
942,Switzerland,2.0,4.0,0.08,0.04,26.500000856921716,HARISS,441.0,846.0,801.0,1815.0
943,Switzerland,2.0,4.0,0.08,0.04,32.0,AWW,187.0,855.0,822.0,1751.0
944,Switzerland,2.0,4.0,0.08,0.04,30.0,AWW,140.0,848.0,729.0,1760.0
945,Switzerland,2.0,4.0,0.08,0.04,30.27546046368379,ICU,848.0,856.0,798.0,1762.0
946,Switzerland,2.0,4.0,0.08,0.04,33.500000780060354,HARISS,1638.0,858.0,745.0,1741.0
947,Switzerland,2.0,4.0,0.08,0.04,26.50000092201071,HARISS,1830.0,846.0,762.0,1739.0
948,Switzerland,2.0,4.0,0.08,0.04,25.77223834691193,ICU,23.0,831.0,818.0,1718.0
949,Switzerland,2.0,4.0,0.08,0.04,33.0,AWW,127.0,847.0,762.0,1742.0
950,Switzerland,2.0,4.0,0.08,0.04,32.13209124582082,ICU,2664.0,868.0,799.0,1615.0
951,Switzerland,2.0,4.0,0.08,0.04,28.713107498601182,ICU,1148.0,847.0,821.0,1809.0
952,Switzerland,2.0,4.0,0.08,0.04,33.0,AWW,319.0,829.0,880.0,1747.0
953,Switzerland,2.0,4.0,0.08,0.04,24.455104857209445,ICU,518.0,841.0,764.0,1781.0
954,Switzerland,2.0,4.0,0.08,0.04,26.101845404658974,ICU,167.0,852.0,827.0,1780.0
955,Switzerland,2.0,4.0,0.08,0.04,35.0,AWW,754.0,845.0,768.0,1687.0
956,Switzerland,2.0,4.0,0.08,0.04,21.982357689721486,ICU,26.0,868.0,805.0,1742.0
957,Switzerland,2.0,4.0,0.08,0.04,19.50000066290115,HARISS,213.0,835.0,800.0,1703.0
958,Switzerland,2.0,4.0,0.08,0.04,29.0,AWW,212.0,853.0,768.0,1769.0
959,Switzerland,2.0,4.0,0.08,0.04,40.0,AWW,2720.0,843.0,756.0,1663.0
960,Switzerland,2.0,4.0,0.08,0.04,28.893865181939805,ICU,150.0,871.0,789.0,1745.0
961,Switzerland,2.0,4.0,0.08,0.04,33.50000047592317,HARISS,1768.0,826.0,843.0,1827.0
962,Switzerland,2.0,4.0,0.08,0.04,25.09756601186298,ICU,480.0,888.0,820.0,1727.0
963,Switzerland,2.0,4.0,0.08,0.04,28.54585341655969,ICU,672.0,857.0,846.0,1755.0
964,Switzerland,2.0,4.0,0.08,0.04,28.0,AWW,189.0,830.0,767.0,1760.0
965,Switzerland,2.0,4.0,0.08,0.04,19.49742781896009,ICU,30.0,872.0,841.0,1756.0
966,Switzerland,2.0,4.0,0.08,0.04,33.500000301128765,HARISS,837.0,825.0,787.0,1689.0
967,Switzerland,2.0,4.0,0.08,0.04,37.0,AWW,1582.0,833.0,765.0,1852.0
968,Switzerland,2.0,4.0,0.08,0.04,24.44540730023874,ICU,72.0,871.0,765.0,1821.0
969,Switzerland,2.0,4.0,0.08,0.04,31.741296069320843,ICU,267.0,876.0,752.0,1769.0
970,Switzerland,2.0,4.0,0.08,0.04,36.907905645639396,ICU,810.0,800.0,786.0,1743.0
971,Switzerland,2.0,4.0,0.08,0.04,28.412622550579904,ICU,160.0,839.0,790.0,1732.0
972,Switzerland,2.0,4.0,0.08,0.04,30.14615838047971,ICU,1100.0,834.0,797.0,1752.0
973,Switzerland,2.0,4.0,0.08,0.04,30.73536916334742,ICU,630.0,833.0,756.0,1803.0
974,Switzerland,2.0,4.0,0.08,0.04,29.500000473544453,HARISS,328.0,821.0,786.0,1793.0
975,Switzerland,2.0,4.0,0.08,0.04,37.0,AWW,1162.0,854.0,831.0,1733.0
976,Switzerland,2.0,4.0,0.08,0.04,19.500000192182075,HARISS,147.0,830.0,743.0,1803.0
977,Switzerland,2.0,4.0,0.08,0.04,29.500000485369117,HARISS,293.0,837.0,788.0,1731.0
978,Switzerland,2.0,4.0,0.08,0.04,37.0,AWW,554.0,819.0,799.0,1753.0
979,Switzerland,2.0,4.0,0.08,0.04,36.0,AWW,534.0,842.0,767.0,1796.0
980,Switzerland,2.0,4.0,0.08,0.04,31.33735515700593,ICU,304.0,834.0,756.0,1718.0
981,Switzerland,2.0,4.0,0.08,0.04,27.0,AWW,251.0,841.0,838.0,1817.0
982,Switzerland,2.0,4.0,0.08,0.04,31.04410838971476,ICU,343.0,846.0,781.0,1751.0
983,Switzerland,2.0,4.0,0.08,0.04,28.0,AWW,188.0,859.0,775.0,1800.0
984,Switzerland,2.0,4.0,0.08,0.04,30.0,AWW,273.0,811.0,759.0,1751.0
985,Switzerland,2.0,4.0,0.08,0.04,24.09940621988341,ICU,94.0,889.0,790.0,1812.0
986,Switzerland,2.0,4.0,0.08,0.04,15.500000686803366,HARISS,113.0,896.0,769.0,1792.0
987,Switzerland,2.0,4.0,0.08,0.04,29.500000912073574,HARISS,687.0,886.0,791.0,1833.0
988,Switzerland,2.0,4.0,0.08,0.04,36.0,AWW,207.0,820.0,743.0,1703.0
989,Switzerland,2.0,4.0,0.08,0.04,25.70526829845092,ICU,52.0,855.0,785.0,1815.0
990,Switzerland,2.0,4.0,0.08,0.04,32.0,AWW,155.0,813.0,788.0,1721.0
991,Switzerland,2.0,4.0,0.08,0.04,33.75458390181842,ICU,357.0,875.0,822.0,1770.0
992,Switzerland,2.0,4.0,0.08,0.04,35.11517392091394,ICU,430.0,885.0,809.0,1717.0
993,Switzerland,2.0,4.0,0.08,0.04,25.963531837220305,ICU,217.0,823.0,765.0,1806.0
994,Switzerland,2.0,4.0,0.08,0.04,22.0,AWW,0.0,852.0,849.0,1714.0
995,Switzerland,2.0,4.0,0.08,0.04,29.42702888088244,ICU,365.0,842.0,827.0,1795.0
996,Switzerland,2.0,4.0,0.08,0.04,36.0,AWW,549.0,842.0,764.0,1833.0
997,Switzerland,2.0,4.0,0.08,0.04,34.0,AWW,376.0,846.0,774.0,1709.0
998,Switzerland,2.0,4.0,0.08,0.04,8.0,AWW,0.0,844.0,805.0,1781.0
999,Switzerland,2.0,4.0,0.08,0.04,36.0,AWW,1098.0,881.0,827.0,1742.0
1000,Switzerland,2.0,4.0,0.08,0.04,31.0,AWW,72.0,843.0,752.0,1812.0
