sample_id,country,R0,gen_time,p_det,false_positive_rate,icu_detection_time,icu_local_cases,hariss_detection_time,hariss_local_cases,aww_ctt1_detection_time,aww_ctt1_local_cases,aww_ctt2_detection_time,aww_ctt2_local_cases,aww_escalation_detection_time,aww_escalation_local_cases,hariss_triggered_detection_time,hariss_triggered_local_cases,aww_to_hariss_escalation_lag,earliest_detection_time_ctt1,earliest_surveillance_type_ctt1,earliest_detection_time_ctt2,earliest_surveillance_type_ctt2,earliest_detection_time_triggered,earliest_surveillance_type_triggered,total_latent,total_infectious,total_detectable
1,Switzerland,1.5,3.5,0.008,0.04,42.81609416593225,189951.0,29.50000073426448,2635.0,25.0,689.0,21.0,240.0,20.0,124.0,37.50000096252005,34078.0,17.500000962520048,25.0,AWW,21.0,AWW,20.0,AWW_escalation,2.523787e6,1.291489e6,2.131468e6
2,Switzerland,1.5,3.5,0.008,0.04,52.16698688730892,3.952813e6,33.50000064761911,7526.0,28.0,1059.0,31.0,3220.0,17.0,16.0,40.50000099354054,87653.0,23.50000099354054,28.0,AWW,31.0,AWW,17.0,AWW_escalation,2.524103e6,1.290753e6,2.136199e6
3,Switzerland,1.5,3.5,0.008,0.04,49.82759825905792,2.012361e6,33.50000082036949,7880.0,23.0,227.0,30.0,2438.0,7.0,0.0,30.50000093777616,2891.0,23.50000093777616,23.0,AWW,30.0,AWW,7.0,AWW_escalation,2.522378e6,1.291567e6,2.132499e6
4,Switzerland,1.5,3.5,0.008,0.04,51.72177989609644,3.963188e6,29.500000054549357,2202.0,24.0,487.0,30.0,2583.0,19.0,116.0,28.500000593262335,1755.0,9.500000593262335,24.0,AWW,29.500000054549357,HARISS,19.0,AWW_escalation,2.520658e6,1.291355e6,2.134941e6
5,Switzerland,1.5,3.5,0.008,0.04,47.64476128572031,1.01371e6,33.50000016543779,9107.0,24.0,489.0,29.0,2187.0,15.0,13.0,33.500000037553484,9107.0,18.500000037553484,24.0,AWW,29.0,AWW,15.0,AWW_escalation,2.52254e6,1.289684e6,2.135369e6
6,Switzerland,1.5,3.5,0.008,0.04,47.79859233333577,1.014573e6,40.50000049811528,89933.0,17.0,16.0,28.0,1071.0,17.0,16.0,36.50000013354098,22689.0,19.50000013354098,17.0,AWW,28.0,AWW,17.0,AWW_escalation,2.522565e6,1.289483e6,2.134866e6
7,Switzerland,1.5,3.5,0.008,0.04,43.76089367536327,254919.0,36.5000006850368,22078.0,26.0,442.0,31.0,3240.0,26.0,442.0,34.50000086436174,10879.0,8.500000864361738,26.0,AWW,31.0,AWW,26.0,AWW_escalation,2.520888e6,1.288969e6,2.135177e6
8,Switzerland,1.5,3.5,0.008,0.04,48.86976718730808,1.446227e6,36.50000037833732,23190.0,29.0,1867.0,30.0,2678.0,12.0,7.0,37.500000109673316,32437.0,25.500000109673316,29.0,AWW,30.0,AWW,12.0,AWW_escalation,2.524101e6,1.289947e6,2.135827e6
9,Switzerland,1.5,3.5,0.008,0.04,50.260330534512555,2.553652e6,36.50000066707965,22127.0,23.0,100.0,28.0,1082.0,19.0,6.0,40.50000034342897,89161.0,21.500000343428972,23.0,AWW,28.0,AWW,19.0,AWW_escalation,2.52224e6,1.291647e6,2.132932e6
10,Switzerland,1.5,3.5,0.008,0.04,46.79042681163419,714266.0,29.50000073987538,1776.0,24.0,130.0,27.0,820.0,8.0,0.0,33.50000015612058,7804.0,25.500000156120578,24.0,AWW,27.0,AWW,8.0,AWW_escalation,2.521656e6,1.290055e6,2.136683e6
11,Switzerland,1.5,3.5,0.008,0.04,45.69204746752218,514678.0,33.50000079648173,9227.0,25.0,511.0,31.0,4070.0,25.0,511.0,33.50000008009172,9227.0,8.500000080091723,25.0,AWW,31.0,AWW,25.0,AWW_escalation,2.523985e6,1.289755e6,2.131584e6
12,Switzerland,1.5,3.5,0.008,0.04,49.84112260891673,2.052899e6,40.500000095085795,92988.0,14.0,0.0,28.0,1298.0,10.0,0.0,33.5000001161674,8049.0,23.5000001161674,14.0,AWW,28.0,AWW,10.0,AWW_escalation,2.524138e6,1.289853e6,2.13356e6
13,Switzerland,1.5,3.5,0.008,0.04,45.80460678070906,515406.0,36.500000542661226,23374.0,22.0,73.0,28.0,1367.0,22.0,73.0,35.50000091622486,16486.0,13.500000916224863,22.0,AWW,28.0,AWW,22.0,AWW_escalation,2.518772e6,1.289788e6,2.13596e6
14,Switzerland,1.5,3.5,0.008,0.04,47.93533368280069,1.090252e6,36.50000080965113,25496.0,25.0,726.0,30.0,3047.0,6.0,0.0,34.50000062004246,13572.0,28.500000620042456,25.0,AWW,30.0,AWW,6.0,AWW_escalation,2.523342e6,1.293363e6,2.135579e6
15,Switzerland,1.5,3.5,0.008,0.04,43.887451425919025,268515.0,26.500000568299182,785.0,28.0,1422.0,29.0,1871.0,28.0,1422.0,35.50000057515736,16726.0,7.500000575157358,26.500000568299182,HARISS,26.500000568299182,HARISS,28.0,AWW_escalation,2.522771e6,1.290512e6,2.13514e6
16,Switzerland,1.5,3.5,0.008,0.04,49.5399939811073,1.996101e6,33.500000348072426,9456.0,23.0,471.0,24.0,572.0,3.0,0.0,28.50000031276895,2043.0,25.50000031276895,23.0,AWW,24.0,AWW,3.0,AWW_escalation,2.523392e6,1.29116e6,2.137154e6
17,Switzerland,1.5,3.5,0.008,0.04,50.711625303107844,2.81572e6,33.5000002497945,8170.0,27.0,886.0,28.0,1080.0,10.0,0.0,33.50000086650686,8170.0,23.50000086650686,27.0,AWW,28.0,AWW,10.0,AWW_escalation,2.519757e6,1.293385e6,2.133006e6
18,Switzerland,1.5,3.5,0.008,0.04,47.6935342583013,991675.0,33.50000097617299,7302.0,20.0,50.0,28.0,947.0,20.0,50.0,30.50000038087475,2841.0,10.500000380874749,20.0,AWW,28.0,AWW,20.0,AWW_escalation,2.519939e6,1.29076e6,2.135141e6
19,Switzerland,1.5,3.5,0.008,0.04,43.88979098469447,265391.0,33.50000099903836,8213.0,23.0,153.0,28.0,884.0,11.0,0.0,35.5000001014256,15849.0,24.5000001014256,23.0,AWW,28.0,AWW,11.0,AWW_escalation,2.523395e6,1.290219e6,2.13504e6
20,Switzerland,1.5,3.5,0.008,0.04,49.80556482394052,2.036083e6,33.50000016801708,7200.0,19.0,33.0,32.0,4160.0,19.0,33.0,33.500000792973665,7200.0,14.500000792973665,19.0,AWW,32.0,AWW,19.0,AWW_escalation,2.521294e6,1.291489e6,2.136354e6
21,Switzerland,1.5,3.5,0.008,0.04,48.20673567336476,1.288379e6,36.50000075044036,23318.0,27.0,733.0,30.0,2340.0,9.0,0.0,37.50000041279864,33042.0,28.50000041279864,27.0,AWW,30.0,AWW,9.0,AWW_escalation,2.522342e6,1.291278e6,2.136482e6
22,Switzerland,1.5,3.5,0.008,0.04,49.94512774909649,2.159003e6,26.50000071319069,814.0,25.0,501.0,30.0,2245.0,16.0,36.0,37.50000009569643,32218.0,21.50000009569643,25.0,AWW,26.50000071319069,HARISS,16.0,AWW_escalation,2.5205e6,1.29219e6,2.134082e6
23,Switzerland,1.5,3.5,0.008,0.04,51.65129711401459,3.942878e6,36.5000003387327,23479.0,26.0,513.0,27.0,884.0,16.0,0.0,27.500000244841406,1179.0,11.500000244841406,26.0,AWW,27.0,AWW,16.0,AWW_escalation,2.521695e6,1.290711e6,2.135112e6
24,Switzerland,1.5,3.5,0.008,0.04,51.83575601365018,3.955754e6,40.500000845490646,95639.0,27.0,1043.0,28.0,1585.0,27.0,1043.0,35.50000047581826,18345.0,8.500000475818261,27.0,AWW,28.0,AWW,27.0,AWW_escalation,2.522491e6,1.291043e6,2.136655e6
25,Switzerland,1.5,3.5,0.008,0.04,40.83472487481584,94201.0,33.500000145622245,8251.0,29.0,1728.0,32.0,4975.0,12.0,0.0,33.50000091952181,8251.0,21.50000091952181,29.0,AWW,32.0,AWW,12.0,AWW_escalation,2.524328e6,1.291029e6,2.135776e6
26,Switzerland,1.5,3.5,0.008,0.04,51.920530811683875,3.964555e6,40.50000029121551,93048.0,28.0,1073.0,29.0,1496.0,10.0,0.0,30.500000724491752,2560.0,20.500000724491752,28.0,AWW,29.0,AWW,10.0,AWW_escalation,2.521986e6,1.292144e6,2.133938e6
27,Switzerland,1.5,3.5,0.008,0.04,49.047496180507366,1.686278e6,33.500000963927924,8342.0,22.0,101.0,31.0,3337.0,4.0,0.0,19.500000589016654,46.0,15.500000589016654,22.0,AWW,31.0,AWW,4.0,AWW_escalation,2.523693e6,1.292308e6,2.136009e6
28,Switzerland,1.5,3.5,0.008,0.04,41.744911224803545,129751.0,40.50000004783524,88630.0,27.0,1019.0,28.0,1424.0,11.0,11.0,33.50000034416404,8450.0,22.500000344164043,27.0,AWW,28.0,AWW,11.0,AWW_escalation,2.521055e6,1.290551e6,2.136299e6
29,Switzerland,1.5,3.5,0.008,0.04,45.76987216776876,501158.0,36.50000060502346,20413.0,21.0,39.0,31.0,2599.0,19.0,19.0,37.50000013003258,28820.0,18.500000130032582,21.0,AWW,31.0,AWW,19.0,AWW_escalation,2.52041e6,1.290705e6,2.13327e6
30,Switzerland,1.5,3.5,0.008,0.04,50.80471522190287,2.852312e6,40.50000019192833,90200.0,21.0,45.0,27.0,759.0,16.0,14.0,34.50000023152476,11783.0,18.50000023152476,21.0,AWW,27.0,AWW,16.0,AWW_escalation,2.521317e6,1.292142e6,2.13414e6
31,Switzerland,1.5,3.5,0.008,0.04,44.056638837657985,302381.0,33.50000060864812,8261.0,25.0,962.0,26.0,1057.0,5.0,0.0,29.50000095228967,2431.0,24.50000095228967,25.0,AWW,26.0,AWW,5.0,AWW_escalation,2.523403e6,1.288366e6,2.134729e6
32,Switzerland,1.5,3.5,0.008,0.04,48.06947418766415,1.227772e6,36.5000000268045,22522.0,27.0,1092.0,32.0,4780.0,3.0,0.0,33.500000592151366,8204.0,30.500000592151366,27.0,AWW,32.0,AWW,3.0,AWW_escalation,2.51998e6,1.291153e6,2.138166e6
33,Switzerland,1.5,3.5,0.008,0.04,46.67907262484331,715668.0,22.50000061829163,197.0,24.0,302.0,28.0,1141.0,12.0,0.0,35.50000020103198,16014.0,23.50000020103198,22.50000061829163,HARISS,22.50000061829163,HARISS,12.0,AWW_escalation,2.523074e6,1.290584e6,2.133911e6
34,Switzerland,1.5,3.5,0.008,0.04,49.94573829181945,2.151981e6,40.50000092072547,88034.0,28.0,1002.0,29.0,1433.0,28.0,1002.0,40.50000008223778,88034.0,12.500000082237783,28.0,AWW,29.0,AWW,28.0,AWW_escalation,2.521635e6,1.289736e6,2.134613e6
35,Switzerland,1.5,3.5,0.008,0.04,43.67084637697852,263477.0,36.500000940209375,23496.0,24.0,276.0,31.0,4008.0,7.0,0.0,33.500000103092844,8850.0,26.500000103092844,24.0,AWW,31.0,AWW,7.0,AWW_escalation,2.523466e6,1.291025e6,2.13238e6
36,Switzerland,1.5,3.5,0.008,0.04,45.983275723288266,572259.0,36.50000080656057,22819.0,17.0,5.0,27.0,876.0,17.0,5.0,29.500000725010736,1961.0,12.500000725010736,17.0,AWW,27.0,AWW,17.0,AWW_escalation,2.521607e6,1.290365e6,2.133988e6
37,Switzerland,1.5,3.5,0.008,0.04,38.219772284114484,40178.0,33.50000040538523,8024.0,28.0,1472.0,29.0,1871.0,3.0,0.0,36.50000069943146,21681.0,33.50000069943146,28.0,AWW,29.0,AWW,3.0,AWW_escalation,2.524211e6,1.290987e6,2.134283e6
38,Switzerland,1.5,3.5,0.008,0.04,47.734280626122406,1.021748e6,26.500000358576575,739.0,25.0,413.0,30.0,2524.0,25.0,413.0,29.500000518440256,2191.0,4.500000518440256,25.0,AWW,26.500000358576575,HARISS,25.0,AWW_escalation,2.520352e6,1.289975e6,2.135128e6
39,Switzerland,1.5,3.5,0.008,0.04,48.13629155630106,1.255206e6,33.50000093859072,8465.0,30.0,2656.0,31.0,4099.0,30.0,2656.0,33.50000095529079,8465.0,3.500000955290787,30.0,AWW,31.0,AWW,30.0,AWW_escalation,2.521819e6,1.290225e6,2.133074e6
40,Switzerland,1.5,3.5,0.008,0.04,52.12134226429229,3.950639e6,40.50000047127758,90874.0,24.0,232.0,30.0,2939.0,24.0,232.0,37.50000078279932,33653.0,13.500000782799319,24.0,AWW,30.0,AWW,24.0,AWW_escalation,2.521924e6,1.292125e6,2.136581e6
41,Switzerland,1.5,3.5,0.008,0.04,43.936431779049016,277959.0,26.500000430394582,919.0,25.0,577.0,26.0,741.0,13.0,0.0,33.500000924657066,8558.0,20.500000924657066,25.0,AWW,26.0,AWW,13.0,AWW_escalation,2.521699e6,1.288655e6,2.135473e6
42,Switzerland,1.5,3.5,0.008,0.04,44.95308207908837,395740.0,36.50000089119114,23706.0,23.0,275.0,24.0,400.0,16.0,24.0,34.50000049491556,11486.0,18.50000049491556,23.0,AWW,24.0,AWW,16.0,AWW_escalation,2.523216e6,1.291032e6,2.135928e6
43,Switzerland,1.5,3.5,0.008,0.04,50.02061269568434,2.333367e6,40.50000027070671,89501.0,25.0,479.0,29.0,1643.0,18.0,27.0,35.50000041525151,15748.0,17.500000415251513,25.0,AWW,29.0,AWW,18.0,AWW_escalation,2.521748e6,1.291187e6,2.135349e6
44,Switzerland,1.5,3.5,0.008,0.04,52.12898467647049,3.959328e6,40.50000072504774,87221.0,29.0,1334.0,30.0,1987.0,29.0,1334.0,36.50000012620805,21564.0,7.50000012620805,29.0,AWW,30.0,AWW,29.0,AWW_escalation,2.523046e6,1.291926e6,2.134225e6
45,Switzerland,1.5,3.5,0.008,0.04,43.85712155610184,265252.0,33.500000022893275,8745.0,22.0,275.0,23.0,424.0,5.0,0.0,33.50000055438416,8745.0,28.500000554384158,22.0,AWW,23.0,AWW,5.0,AWW_escalation,2.523599e6,1.291503e6,2.134184e6
46,Switzerland,1.5,3.5,0.008,0.04,45.99613345844027,580711.0,40.50000037492568,89784.0,27.0,863.0,28.0,1214.0,27.0,863.0,30.500000499219027,3114.0,3.500000499219027,27.0,AWW,28.0,AWW,27.0,AWW_escalation,2.523124e6,1.288945e6,2.133348e6
47,Switzerland,1.5,3.5,0.008,0.04,44.688752504510546,362414.0,33.50000026979722,8014.0,25.0,525.0,30.0,2696.0,25.0,525.0,30.50000087072614,3187.0,5.50000087072614,25.0,AWW,30.0,AWW,25.0,AWW_escalation,2.522736e6,1.290466e6,2.134217e6
48,Switzerland,1.5,3.5,0.008,0.04,52.14270875773841,3.950245e6,33.500000927602834,7936.0,23.0,206.0,29.0,1890.0,23.0,206.0,40.50000042854379,87635.0,17.500000428543792,23.0,AWW,29.0,AWW,23.0,AWW_escalation,2.520761e6,1.291367e6,2.134264e6
49,Switzerland,1.5,3.5,0.008,0.04,45.96260139472958,558366.0,33.50000017043307,8815.0,23.0,316.0,29.0,1820.0,23.0,316.0,37.500000356990874,33943.0,14.500000356990874,23.0,AWW,29.0,AWW,23.0,AWW_escalation,2.522564e6,1.291534e6,2.135389e6
50,Switzerland,1.5,3.5,0.008,0.04,43.891246939555934,267597.0,40.500000575604396,88816.0,28.0,1265.0,29.0,1719.0,28.0,1265.0,37.50000056537419,32484.0,9.500000565374187,28.0,AWW,29.0,AWW,28.0,AWW_escalation,2.522877e6,1.290156e6,2.134141e6
51,Switzerland,1.5,3.5,0.008,0.04,45.40589747966885,466460.0,33.50000061455352,8685.0,29.0,1794.0,30.0,2678.0,26.0,554.0,36.50000065407763,23023.0,10.500000654077631,29.0,AWW,30.0,AWW,26.0,AWW_escalation,2.523414e6,1.293043e6,2.134409e6
52,Switzerland,1.5,3.5,0.008,0.04,40.05955288950202,79148.0,36.50000060123463,22719.0,20.0,54.0,30.0,2465.0,20.0,54.0,34.50000059489847,11494.0,14.500000594898466,20.0,AWW,30.0,AWW,20.0,AWW_escalation,2.521386e6,1.292547e6,2.13682e6
53,Switzerland,1.5,3.5,0.008,0.04,53.85490541723067,3.953532e6,33.50000081680479,7644.0,22.0,103.0,29.0,1751.0,3.0,0.0,28.500000223343868,1356.0,25.500000223343868,22.0,AWW,29.0,AWW,3.0,AWW_escalation,2.523173e6,1.291747e6,2.134786e6
54,Switzerland,1.5,3.5,0.008,0.04,45.01425426924107,418090.0,33.50000096479802,7247.0,20.0,97.0,30.0,2052.0,20.0,97.0,36.500000060706796,21438.0,16.500000060706796,20.0,AWW,30.0,AWW,20.0,AWW_escalation,2.522909e6,1.289866e6,2.135923e6
55,Switzerland,1.5,3.5,0.008,0.04,47.01830247245898,841040.0,36.50000020093628,22135.0,21.0,138.0,31.0,3516.0,12.0,4.0,36.5000005886519,22135.0,24.5000005886519,21.0,AWW,31.0,AWW,12.0,AWW_escalation,2.524808e6,1.289712e6,2.136899e6
56,Switzerland,1.5,3.5,0.008,0.04,48.826565179906126,1.440439e6,33.500000174734815,10017.0,25.0,960.0,31.0,4960.0,25.0,960.0,33.50000063385431,10017.0,8.500000633854313,25.0,AWW,31.0,AWW,25.0,AWW_escalation,2.522477e6,1.288859e6,2.134202e6
57,Switzerland,1.5,3.5,0.008,0.04,48.71946688789254,1.441112e6,40.50000095104901,92020.0,28.0,825.0,29.0,1171.0,28.0,825.0,40.50000093626558,92020.0,12.500000936265579,28.0,AWW,29.0,AWW,28.0,AWW_escalation,2.522963e6,1.289242e6,2.135738e6
58,Switzerland,1.5,3.5,0.008,0.04,48.840525317444204,1.442279e6,36.50000005687603,20923.0,21.0,75.0,31.0,2603.0,21.0,75.0,37.50000010045573,30023.0,16.50000010045573,21.0,AWW,31.0,AWW,21.0,AWW_escalation,2.52053e6,1.290919e6,2.133091e6
59,Switzerland,1.5,3.5,0.008,0.04,44.9004998759125,381085.0,36.500000094838015,22574.0,28.0,1343.0,29.0,1729.0,23.0,253.0,33.50000053160813,8236.0,10.50000053160813,28.0,AWW,29.0,AWW,23.0,AWW_escalation,2.521672e6,1.288833e6,2.136444e6
60,Switzerland,1.5,3.5,0.008,0.04,47.844155530091555,1.032567e6,36.50000086683524,22434.0,28.0,1234.0,31.0,3172.0,28.0,1234.0,37.500000714992765,30794.0,9.500000714992765,28.0,AWW,31.0,AWW,28.0,AWW_escalation,2.522525e6,1.289222e6,2.131737e6
61,Switzerland,1.5,3.5,0.008,0.04,49.994900596048744,2.268904e6,36.50000058305789,23360.0,28.0,1337.0,31.0,3632.0,14.0,0.0,26.500000025115636,735.0,12.500000025115636,28.0,AWW,31.0,AWW,14.0,AWW_escalation,2.522661e6,1.29121e6,2.134596e6
62,Switzerland,1.5,3.5,0.008,0.04,49.501123633753416,1.9383e6,26.500000832430846,968.0,25.0,484.0,29.0,2016.0,3.0,0.0,33.50000048257152,9002.0,30.500000482571522,25.0,AWW,26.500000832430846,HARISS,3.0,AWW_escalation,2.52293e6,1.29083e6,2.136065e6
63,Switzerland,1.5,3.5,0.008,0.04,48.780191113224,1.431331e6,33.50000007535208,8357.0,29.0,1847.0,30.0,2485.0,17.0,20.0,33.50000028471738,8357.0,16.50000028471738,29.0,AWW,30.0,AWW,17.0,AWW_escalation,2.52252e6,1.290787e6,2.136361e6
64,Switzerland,1.5,3.5,0.008,0.04,44.32400945081174,335578.0,36.5000004171925,24002.0,26.0,651.0,30.0,3120.0,26.0,651.0,35.5000001317335,17290.0,9.5000001317335,26.0,AWW,30.0,AWW,26.0,AWW_escalation,2.521537e6,1.290196e6,2.131371e6
65,Switzerland,1.5,3.5,0.008,0.04,49.96401528442596,2.185719e6,36.500000620083895,23844.0,29.0,1937.0,30.0,2701.0,29.0,1937.0,33.500000086190994,9218.0,4.500000086190994,29.0,AWW,30.0,AWW,29.0,AWW_escalation,2.521184e6,1.291517e6,2.137037e6
66,Switzerland,1.5,3.5,0.008,0.04,46.391227344214585,655665.0,33.500000165116305,6820.0,23.0,111.0,29.0,1416.0,5.0,0.0,40.500000104253715,88933.0,35.500000104253715,23.0,AWW,29.0,AWW,5.0,AWW_escalation,2.521441e6,1.288955e6,2.134902e6
67,Switzerland,1.5,3.5,0.008,0.04,50.84363284324156,2.888285e6,33.50000050576665,8388.0,26.0,526.0,30.0,2499.0,7.0,0.0,33.5000003391388,8388.0,26.5000003391388,26.0,AWW,30.0,AWW,7.0,AWW_escalation,2.525021e6,1.289244e6,2.134733e6
68,Switzerland,1.5,3.5,0.008,0.04,45.83643289102614,518560.0,40.50000073754849,90134.0,11.0,0.0,24.0,324.0,9.0,0.0,33.50000072207006,8283.0,24.500000722070062,11.0,AWW,24.0,AWW,9.0,AWW_escalation,2.522067e6,1.290448e6,2.133795e6
69,Switzerland,1.5,3.5,0.008,0.04,51.91370175568074,3.976315e6,36.50000082216478,22975.0,21.0,184.0,31.0,3784.0,21.0,184.0,33.500000374135624,8103.0,12.500000374135624,21.0,AWW,31.0,AWW,21.0,AWW_escalation,2.523534e6,1.290801e6,2.135428e6
70,Switzerland,1.5,3.5,0.008,0.04,49.19030469801499,1.803093e6,40.50000079028578,85279.0,20.0,23.0,27.0,633.0,14.0,0.0,35.50000036454867,14922.0,21.50000036454867,20.0,AWW,27.0,AWW,14.0,AWW_escalation,2.520271e6,1.290403e6,2.133814e6
71,Switzerland,1.5,3.5,0.008,0.04,48.957122092295336,1.540062e6,33.500000515767354,9319.0,18.0,33.0,26.0,994.0,8.0,0.0,29.500000344022137,2597.0,21.500000344022137,18.0,AWW,26.0,AWW,8.0,AWW_escalation,2.523278e6,1.290623e6,2.135929e6
72,Switzerland,1.5,3.5,0.008,0.04,48.441744906528456,1.304784e6,33.50000019377679,8512.0,24.0,299.0,29.0,1668.0,24.0,299.0,27.500000062696177,872.0,3.500000062696177,24.0,AWW,29.0,AWW,24.0,AWW_escalation,2.519975e6,1.29087e6,2.136321e6
73,Switzerland,1.5,3.5,0.008,0.04,43.95069733072072,278095.0,36.500000042954035,22690.0,22.0,132.0,28.0,1084.0,22.0,132.0,30.50000002541988,2725.0,8.50000002541988,22.0,AWW,28.0,AWW,22.0,AWW_escalation,2.519161e6,1.289642e6,2.133843e6
74,Switzerland,1.5,3.5,0.008,0.04,49.886705384553046,2.066575e6,36.500000300681954,21691.0,28.0,1008.0,29.0,1453.0,28.0,1008.0,35.50000050362287,14979.0,7.500000503622871,28.0,AWW,29.0,AWW,28.0,AWW_escalation,2.521436e6,1.291833e6,2.133383e6
75,Switzerland,1.5,3.5,0.008,0.04,46.95889370340547,785242.0,33.500000014902305,8392.0,24.0,355.0,31.0,3403.0,10.0,0.0,34.50000075769836,12041.0,24.50000075769836,24.0,AWW,31.0,AWW,10.0,AWW_escalation,2.52352e6,1.289717e6,2.135134e6
76,Switzerland,1.5,3.5,0.008,0.04,45.92452929511194,539140.0,29.500000925530323,2159.0,27.0,1052.0,31.0,3309.0,25.0,686.0,Inf,NaN,NaN,27.0,AWW,29.500000925530323,HARISS,25.0,AWW_escalation,2.522943e6,1.291405e6,2.132204e6
77,Switzerland,1.5,3.5,0.008,0.04,47.978017908129004,1.141178e6,33.50000082239947,8517.0,25.0,692.0,31.0,3613.0,25.0,692.0,37.50000008232765,33100.0,12.500000082327652,25.0,AWW,31.0,AWW,25.0,AWW_escalation,2.52275e6,1.28972e6,2.135529e6
78,Switzerland,1.5,3.5,0.008,0.04,51.90466566789559,3.979776e6,36.50000007176436,24504.0,28.0,1054.0,33.0,7354.0,28.0,1054.0,33.500000724631875,8793.0,5.5000007246318745,28.0,AWW,33.0,AWW,28.0,AWW_escalation,2.524161e6,1.291692e6,2.135479e6
79,Switzerland,1.5,3.5,0.008,0.04,45.029726501776494,422100.0,29.500000601764985,1980.0,23.0,108.0,28.0,1156.0,23.0,108.0,33.50000056309118,7627.0,10.500000563091177,23.0,AWW,28.0,AWW,23.0,AWW_escalation,2.520345e6,1.290908e6,2.134214e6
80,Switzerland,1.5,3.5,0.008,0.04,48.6176740208939,1.419008e6,36.5000002546864,22192.0,24.0,226.0,28.0,1503.0,24.0,226.0,37.500000494763896,30825.0,13.500000494763896,24.0,AWW,28.0,AWW,24.0,AWW_escalation,2.523865e6,1.292425e6,2.134595e6
81,Switzerland,1.5,3.5,0.008,0.04,48.60533637156799,1.406524e6,40.50000067219599,87259.0,25.0,339.0,26.0,534.0,10.0,0.0,33.50000071617773,7976.0,23.50000071617773,25.0,AWW,26.0,AWW,10.0,AWW_escalation,2.522141e6,1.290315e6,2.136081e6
82,Switzerland,1.5,3.5,0.008,0.04,49.12172594095031,1.75585e6,33.50000073469956,8241.0,26.0,535.0,31.0,3443.0,8.0,0.0,34.50000095856726,11373.0,26.500000958567263,26.0,AWW,31.0,AWW,8.0,AWW_escalation,2.522632e6,1.291089e6,2.131278e6
83,Switzerland,1.5,3.5,0.008,0.04,50.66845820921631,2.821372e6,36.5000007245894,22790.0,23.0,167.0,27.0,727.0,4.0,0.0,33.500000937702325,7872.0,29.500000937702325,23.0,AWW,27.0,AWW,4.0,AWW_escalation,2.52102e6,1.289294e6,2.134933e6
84,Switzerland,1.5,3.5,0.008,0.04,47.86473372203597,1.044006e6,36.50000032319304,21586.0,19.0,56.0,30.0,2176.0,19.0,56.0,33.50000091384108,7764.0,14.500000913841077,19.0,AWW,30.0,AWW,19.0,AWW_escalation,2.520804e6,1.291507e6,2.137673e6
85,Switzerland,1.5,3.5,0.008,0.04,49.88267924670934,2.043999e6,36.50000099556992,22502.0,25.0,335.0,26.0,449.0,3.0,0.0,26.500000702151844,582.0,23.500000702151844,25.0,AWW,26.0,AWW,3.0,AWW_escalation,2.522139e6,1.290048e6,2.13636e6
86,Switzerland,1.5,3.5,0.008,0.04,45.76777598119385,510426.0,19.50000052243505,188.0,22.0,283.0,30.0,2436.0,12.0,15.0,33.500000903758576,7729.0,21.500000903758576,19.50000052243505,HARISS,19.50000052243505,HARISS,12.0,AWW_escalation,2.521565e6,1.289386e6,2.134946e6
87,Switzerland,1.5,3.5,0.008,0.04,47.2257313648618,905479.0,33.50000006001546,7512.0,17.0,44.0,28.0,1432.0,15.0,15.0,33.50000040459084,7512.0,18.500000404590843,17.0,AWW,28.0,AWW,15.0,AWW_escalation,2.522578e6,1.290994e6,2.135949e6
88,Switzerland,1.5,3.5,0.008,0.04,45.985757184693455,578789.0,36.500000173337746,22419.0,25.0,369.0,32.0,4738.0,9.0,0.0,40.500000891237256,89223.0,31.500000891237256,25.0,AWW,32.0,AWW,9.0,AWW_escalation,2.52133e6,1.291753e6,2.134692e6
89,Switzerland,1.5,3.5,0.008,0.04,46.774121921710936,712485.0,40.50000038221947,85063.0,23.0,106.0,24.0,183.0,23.0,106.0,37.50000042416645,29087.0,14.500000424166451,23.0,AWW,24.0,AWW,23.0,AWW_escalation,2.522034e6,1.286992e6,2.136801e6
90,Switzerland,1.5,3.5,0.008,0.04,46.88134668683715,745589.0,36.50000050187493,21658.0,24.0,218.0,32.0,4714.0,22.0,95.0,33.50000059859905,7767.0,11.500000598599051,24.0,AWW,32.0,AWW,22.0,AWW_escalation,2.520169e6,1.291749e6,2.136546e6
91,Switzerland,1.5,3.5,0.008,0.04,48.87914979625077,1.470653e6,36.500000691266635,24049.0,23.0,340.0,30.0,3101.0,23.0,340.0,36.50000047388262,24049.0,13.500000473882622,23.0,AWW,30.0,AWW,23.0,AWW_escalation,2.522819e6,1.289767e6,2.13499e6
92,Switzerland,1.5,3.5,0.008,0.04,38.85319466785841,50310.0,40.50000087719583,93160.0,29.0,2330.0,30.0,3350.0,24.0,460.0,33.50000065512351,9029.0,9.500000655123507,29.0,AWW,30.0,AWW,24.0,AWW_escalation,2.521103e6,1.293009e6,2.134092e6
93,Switzerland,1.5,3.5,0.008,0.04,48.98686641888165,1.601119e6,40.50000038569365,86614.0,24.0,286.0,25.0,363.0,20.0,126.0,33.500000463830176,8350.0,13.500000463830176,24.0,AWW,25.0,AWW,20.0,AWW_escalation,2.521319e6,1.289884e6,2.133615e6
94,Switzerland,1.5,3.5,0.008,0.04,45.827294797395105,528402.0,40.50000036535587,93043.0,25.0,415.0,29.0,1595.0,25.0,415.0,34.50000046780714,11748.0,9.50000046780714,25.0,AWW,29.0,AWW,25.0,AWW_escalation,2.524237e6,1.28995e6,2.134856e6
95,Switzerland,1.5,3.5,0.008,0.04,50.85338974506703,2.882722e6,40.50000061407053,90237.0,23.0,212.0,30.0,2089.0,23.0,212.0,40.50000004419226,90237.0,17.500000044192262,23.0,AWW,30.0,AWW,23.0,AWW_escalation,2.524634e6,1.291269e6,2.137997e6
96,Switzerland,1.5,3.5,0.008,0.04,38.70261118399453,48845.0,26.500000973977023,853.0,21.0,174.0,29.0,1874.0,21.0,174.0,33.50000045240995,8718.0,12.50000045240995,21.0,AWW,26.500000973977023,HARISS,21.0,AWW_escalation,2.5252e6,1.290703e6,2.135006e6
97,Switzerland,1.5,3.5,0.008,0.04,49.025631183534834,1.659946e6,26.500000592654143,963.0,24.0,452.0,24.0,452.0,23.0,394.0,Inf,NaN,NaN,24.0,AWW,24.0,AWW,23.0,AWW_escalation,2.521578e6,1.289267e6,2.134174e6
98,Switzerland,1.5,3.5,0.008,0.04,47.637759268270905,996372.0,36.50000015810937,21569.0,17.0,7.0,18.0,7.0,6.0,0.0,37.50000063192361,30528.0,31.500000631923612,17.0,AWW,18.0,AWW,6.0,AWW_escalation,2.523446e6,1.291028e6,2.135753e6
99,Switzerland,1.5,3.5,0.008,0.04,48.705904121306936,1.428643e6,36.50000075849306,23804.0,30.0,2868.0,31.0,4164.0,19.0,39.0,37.500000484549396,32715.0,18.500000484549396,30.0,AWW,31.0,AWW,19.0,AWW_escalation,2.523036e6,1.289133e6,2.136166e6
100,Switzerland,1.5,3.5,0.008,0.04,48.73692250752366,1.440158e6,33.500000793189265,8971.0,22.0,200.0,31.0,3800.0,22.0,200.0,33.50000076370733,8971.0,11.500000763707327,22.0,AWW,31.0,AWW,22.0,AWW_escalation,2.520888e6,1.291468e6,2.138018e6
101,Switzerland,1.5,3.5,0.008,0.04,48.85684433825741,1.468017e6,33.50000069217398,8789.0,25.0,359.0,28.0,1021.0,8.0,0.0,34.50000030589687,12404.0,26.50000030589687,25.0,AWW,28.0,AWW,8.0,AWW_escalation,2.525343e6,1.28926e6,2.135998e6
102,Switzerland,1.5,3.5,0.008,0.04,48.834479795778705,1.438051e6,33.5000000839172,9166.0,24.0,306.0,25.0,474.0,24.0,306.0,33.500000385516216,9166.0,9.500000385516216,24.0,AWW,25.0,AWW,24.0,AWW_escalation,2.523939e6,1.290983e6,2.136391e6
103,Switzerland,1.5,3.5,0.008,0.04,42.78140564206759,186972.0,33.50000052592972,7766.0,20.0,97.0,29.0,1655.0,3.0,0.0,28.50000002031295,1437.0,25.50000002031295,20.0,AWW,29.0,AWW,3.0,AWW_escalation,2.523272e6,1.290697e6,2.135237e6
104,Switzerland,1.5,3.5,0.008,0.04,50.941388303745214,3.021671e6,33.500000277415495,7853.0,26.0,490.0,32.0,4659.0,26.0,490.0,33.50000029248215,7853.0,7.500000292482149,26.0,AWW,32.0,AWW,26.0,AWW_escalation,2.526044e6,1.289914e6,2.133557e6
105,Switzerland,1.5,3.5,0.008,0.04,44.798277926325554,363951.0,36.50000064963779,21576.0,26.0,401.0,30.0,1945.0,12.0,5.0,33.50000032585026,6782.0,21.50000032585026,26.0,AWW,30.0,AWW,12.0,AWW_escalation,2.52206e6,1.29236e6,2.132907e6
106,Switzerland,1.5,3.5,0.008,0.04,50.93302007539445,3.025155e6,36.500000004217604,22306.0,21.0,164.0,24.0,240.0,21.0,164.0,30.500000548186442,2842.0,9.500000548186442,21.0,AWW,24.0,AWW,21.0,AWW_escalation,2.520905e6,1.289919e6,2.134294e6
107,Switzerland,1.5,3.5,0.008,0.04,50.97244033743933,3.121648e6,36.500000303589545,23814.0,24.0,304.0,30.0,2892.0,24.0,304.0,33.50000094878474,8732.0,9.500000948784738,24.0,AWW,30.0,AWW,24.0,AWW_escalation,2.521308e6,1.291178e6,2.135194e6
108,Switzerland,1.5,3.5,0.008,0.04,49.877901032610445,2.063866e6,36.500000650976325,23523.0,28.0,1146.0,31.0,3485.0,28.0,1146.0,33.500000308673606,7982.0,5.500000308673606,28.0,AWW,31.0,AWW,28.0,AWW_escalation,2.524087e6,1.291281e6,2.135869e6
109,Switzerland,1.5,3.5,0.008,0.04,48.73208318537579,1.415154e6,36.500000244022175,22296.0,29.0,1669.0,30.0,2437.0,29.0,1669.0,33.50000034785617,7904.0,4.500000347856172,29.0,AWW,30.0,AWW,29.0,AWW_escalation,2.523966e6,1.290392e6,2.134659e6
110,Switzerland,1.5,3.5,0.008,0.04,47.786494987922026,1.008217e6,40.50000091057538,85059.0,26.0,518.0,27.0,804.0,21.0,84.0,30.50000059723351,2925.0,9.500000597233509,26.0,AWW,27.0,AWW,21.0,AWW_escalation,2.523402e6,1.290684e6,2.134219e6
111,Switzerland,1.5,3.5,0.008,0.04,45.69553211838941,506627.0,33.50000078804764,8081.0,30.0,2878.0,31.0,3753.0,10.0,1.0,33.50000032166339,8081.0,23.500000321663393,30.0,AWW,31.0,AWW,10.0,AWW_escalation,2.525047e6,1.290624e6,2.136551e6
112,Switzerland,1.5,3.5,0.008,0.04,50.623988671201595,2.80488e6,36.500000771406604,21516.0,26.0,548.0,30.0,2129.0,26.0,548.0,35.50000065085599,15127.0,9.500000650855988,26.0,AWW,30.0,AWW,26.0,AWW_escalation,2.523804e6,1.291246e6,2.134433e6
113,Switzerland,1.5,3.5,0.008,0.04,46.71980977578173,716364.0,33.50000024829597,7786.0,29.0,1592.0,30.0,2126.0,19.0,89.0,36.50000025238281,23297.0,17.50000025238281,29.0,AWW,30.0,AWW,19.0,AWW_escalation,2.521755e6,1.290291e6,2.133865e6
114,Switzerland,1.5,3.5,0.008,0.04,50.27888887955647,2.561731e6,29.500000719099962,2326.0,27.0,1114.0,28.0,1444.0,27.0,1114.0,35.500000342778165,16374.0,8.500000342778165,27.0,AWW,28.0,AWW,27.0,AWW_escalation,2.521715e6,1.290197e6,2.134242e6
115,Switzerland,1.5,3.5,0.008,0.04,41.84813950701349,133324.0,36.500000050808296,22829.0,26.0,319.0,27.0,457.0,14.0,0.0,36.5000000787612,22829.0,22.500000078761197,26.0,AWW,27.0,AWW,14.0,AWW_escalation,2.523585e6,1.289453e6,2.136759e6
116,Switzerland,1.5,3.5,0.008,0.04,46.613750280567906,720287.0,36.50000040228651,23031.0,22.0,83.0,28.0,1074.0,22.0,83.0,34.500000744474924,12243.0,12.500000744474924,22.0,AWW,28.0,AWW,22.0,AWW_escalation,2.523374e6,1.29057e6,2.138375e6
117,Switzerland,1.5,3.5,0.008,0.04,48.80133738369996,1.442975e6,36.50000070766714,23493.0,24.0,300.0,29.0,1697.0,24.0,300.0,40.50000099569531,90663.0,16.50000099569531,24.0,AWW,29.0,AWW,24.0,AWW_escalation,2.523762e6,1.290989e6,2.136111e6
118,Switzerland,1.5,3.5,0.008,0.04,47.40452068327628,932690.0,36.500000237975456,24670.0,24.0,395.0,30.0,2957.0,5.0,0.0,37.5000006488302,34096.0,32.5000006488302,24.0,AWW,30.0,AWW,5.0,AWW_escalation,2.521303e6,1.291733e6,2.134509e6
119,Switzerland,1.5,3.5,0.008,0.04,47.14686251478419,892403.0,36.500000011064834,21128.0,24.0,404.0,25.0,456.0,20.0,125.0,26.500000224550938,780.0,6.500000224550938,24.0,AWW,25.0,AWW,20.0,AWW_escalation,2.520648e6,1.292759e6,2.13653e6
120,Switzerland,1.5,3.5,0.008,0.04,47.94238013706458,1.092296e6,33.500000205506474,7815.0,27.0,726.0,28.0,1156.0,27.0,726.0,34.50000068165145,11203.0,7.50000068165145,27.0,AWW,28.0,AWW,27.0,AWW_escalation,2.524971e6,1.291513e6,2.135258e6
121,Switzerland,1.5,3.5,0.008,0.04,48.9244920855847,1.493236e6,36.500000581515565,22358.0,29.0,1199.0,30.0,1651.0,27.0,499.0,34.5000009088874,10120.0,7.500000908887401,29.0,AWW,30.0,AWW,27.0,AWW_escalation,2.52073e6,1.291011e6,2.134949e6
122,Switzerland,1.5,3.5,0.008,0.04,38.44051201424421,43676.0,36.500000004368715,23141.0,30.0,2729.0,30.0,2729.0,29.0,1806.0,34.500000223684665,11874.0,5.5000002236846655,30.0,AWW,30.0,AWW,29.0,AWW_escalation,2.523318e6,1.288759e6,2.135949e6
123,Switzerland,1.5,3.5,0.008,0.04,49.465785161290675,1.850692e6,33.50000099298946,7926.0,28.0,1144.0,32.0,4880.0,28.0,1144.0,28.500000810010437,1295.0,0.5000008100104374,28.0,AWW,32.0,AWW,28.0,AWW_escalation,2.521924e6,1.290044e6,2.13526e6
124,Switzerland,1.5,3.5,0.008,0.04,43.97514869730673,285346.0,40.50000029038534,90461.0,24.0,382.0,25.0,483.0,24.0,382.0,40.50000032756932,90461.0,16.500000327569317,24.0,AWW,25.0,AWW,24.0,AWW_escalation,2.523551e6,1.291056e6,2.136101e6
125,Switzerland,1.5,3.5,0.008,0.04,47.93599650489551,1.070809e6,40.500000313234196,88555.0,26.0,503.0,31.0,3159.0,9.0,0.0,40.50000095852899,88555.0,31.500000958528993,26.0,AWW,31.0,AWW,9.0,AWW_escalation,2.523313e6,1.290269e6,2.134224e6
126,Switzerland,1.5,3.5,0.008,0.04,47.52093557499795,995670.0,36.50000098639625,23619.0,26.0,627.0,30.0,2390.0,13.0,0.0,35.50000040242092,16589.0,22.500000402420923,26.0,AWW,30.0,AWW,13.0,AWW_escalation,2.522217e6,1.288853e6,2.135564e6
127,Switzerland,1.5,3.5,0.008,0.04,38.97624490937592,51616.0,40.50000082226589,88762.0,28.0,1101.0,29.0,1773.0,7.0,0.0,33.50000088808033,8398.0,26.50000088808033,28.0,AWW,29.0,AWW,7.0,AWW_escalation,2.518946e6,1.292275e6,2.136484e6
128,Switzerland,1.5,3.5,0.008,0.04,45.877775161946445,529069.0,33.50000099010545,8938.0,22.0,194.0,23.0,275.0,15.0,7.0,35.50000097864975,16909.0,20.50000097864975,22.0,AWW,23.0,AWW,15.0,AWW_escalation,2.524e6,1.288844e6,2.135863e6
129,Switzerland,1.5,3.5,0.008,0.04,48.942524306787014,1.531449e6,33.50000035508676,7665.0,19.0,14.0,30.0,1955.0,19.0,14.0,34.50000089458839,11252.0,15.50000089458839,19.0,AWW,30.0,AWW,19.0,AWW_escalation,2.521425e6,1.289723e6,2.136176e6
130,Switzerland,1.5,3.5,0.008,0.04,48.55103490146594,1.415162e6,33.500000890934,7456.0,26.0,584.0,29.0,1898.0,21.0,99.0,35.50000056002809,15487.0,14.500000560028091,26.0,AWW,29.0,AWW,21.0,AWW_escalation,2.521117e6,1.288252e6,2.132593e6
131,Switzerland,1.5,3.5,0.008,0.04,46.831258711039,727612.0,36.500000202142395,24283.0,30.0,2665.0,31.0,3802.0,30.0,2665.0,33.5000004292733,8695.0,3.5000004292732996,30.0,AWW,31.0,AWW,30.0,AWW_escalation,2.525063e6,1.28983e6,2.133922e6
132,Switzerland,1.5,3.5,0.008,0.04,54.79800973366393,3.968907e6,36.5000004375455,23231.0,25.0,342.0,29.0,1473.0,16.0,6.0,28.500000922544977,1098.0,12.500000922544977,25.0,AWW,29.0,AWW,16.0,AWW_escalation,2.522261e6,1.292275e6,2.135441e6
133,Switzerland,1.5,3.5,0.008,0.04,50.054847511501066,2.396931e6,36.50000037196034,24354.0,30.0,2736.0,31.0,3849.0,16.0,1.0,36.50000062694063,24354.0,20.500000626940633,30.0,AWW,31.0,AWW,16.0,AWW_escalation,2.520316e6,1.290952e6,2.137042e6
134,Switzerland,1.5,3.5,0.008,0.04,42.93079783751915,198735.0,36.50000066472607,23742.0,26.0,598.0,30.0,2704.0,26.0,598.0,33.50000059127571,9232.0,7.5000005912757075,26.0,AWW,30.0,AWW,26.0,AWW_escalation,2.522936e6,1.290976e6,2.13552e6
135,Switzerland,1.5,3.5,0.008,0.04,49.88536565838352,2.082642e6,26.500000156169534,496.0,24.0,282.0,30.0,2100.0,24.0,282.0,35.50000013880496,15589.0,11.500000138804957,24.0,AWW,26.500000156169534,HARISS,24.0,AWW_escalation,2.520438e6,1.290671e6,2.134936e6
136,Switzerland,1.5,3.5,0.008,0.04,46.86881175748767,728555.0,36.50000080497387,20633.0,26.0,332.0,29.0,1536.0,17.0,0.0,33.5000002294356,7307.0,16.5000002294356,26.0,AWW,29.0,AWW,17.0,AWW_escalation,2.524839e6,1.29309e6,2.132482e6
137,Switzerland,1.5,3.5,0.008,0.04,45.967680442982505,565824.0,29.500000979034485,2104.0,21.0,71.0,30.0,2634.0,21.0,71.0,30.500000769065863,3100.0,9.500000769065863,21.0,AWW,29.500000979034485,HARISS,21.0,AWW_escalation,2.521409e6,1.290653e6,2.134627e6
138,Switzerland,1.5,3.5,0.008,0.04,43.53390959341001,259498.0,40.5000009103568,91527.0,17.0,23.0,33.0,7099.0,17.0,23.0,40.500000034178875,91527.0,23.500000034178875,17.0,AWW,33.0,AWW,17.0,AWW_escalation,2.521703e6,1.289057e6,2.13725e6
139,Switzerland,1.5,3.5,0.008,0.04,51.58411423784056,3.914964e6,36.50000065984254,23599.0,26.0,541.0,27.0,804.0,5.0,0.0,35.500000006650865,17278.0,30.500000006650865,26.0,AWW,27.0,AWW,5.0,AWW_escalation,2.520725e6,1.289512e6,2.133934e6
140,Switzerland,1.5,3.5,0.008,0.04,45.763578290494664,510061.0,33.50000028944632,8222.0,26.0,566.0,27.0,834.0,17.0,50.0,35.500000118527375,16104.0,18.500000118527375,26.0,AWW,27.0,AWW,17.0,AWW_escalation,2.522302e6,1.290903e6,2.133035e6
141,Switzerland,1.5,3.5,0.008,0.04,49.838478508282336,2.034797e6,33.50000092639757,8178.0,26.0,382.0,27.0,625.0,12.0,0.0,33.50000051799928,8177.0,21.500000517999283,26.0,AWW,27.0,AWW,12.0,AWW_escalation,2.520043e6,1.289627e6,2.137628e6
142,Switzerland,1.5,3.5,0.008,0.04,47.01415742904442,831067.0,40.50000008725054,87981.0,25.0,366.0,26.0,492.0,10.0,0.0,30.500000869500354,2400.0,20.500000869500354,25.0,AWW,26.0,AWW,10.0,AWW_escalation,2.521787e6,1.295533e6,2.136142e6
143,Switzerland,1.5,3.5,0.008,0.04,46.84925371410242,737025.0,36.50000022832908,23319.0,21.0,93.0,22.0,170.0,3.0,0.0,35.50000060085877,17160.0,32.50000060085877,21.0,AWW,22.0,AWW,3.0,AWW_escalation,2.52388e6,1.291611e6,2.135384e6
144,Switzerland,1.5,3.5,0.008,0.04,49.84725829917109,2.038914e6,36.50000031192163,21747.0,30.0,2286.0,19.0,22.0,18.0,22.0,33.50000008381086,7694.0,15.50000008381086,30.0,AWW,19.0,AWW,18.0,AWW_escalation,2.522397e6,1.292958e6,2.134633e6
145,Switzerland,1.5,3.5,0.008,0.04,51.070307304265484,3.412511e6,33.5000008932348,8436.0,30.0,2352.0,31.0,3234.0,30.0,2352.0,33.50000046905895,8436.0,3.5000004690589535,30.0,AWW,31.0,AWW,30.0,AWW_escalation,2.521152e6,1.288339e6,2.133759e6
146,Switzerland,1.5,3.5,0.008,0.04,38.12822223642493,41300.0,36.50000093261217,21714.0,25.0,377.0,26.0,523.0,25.0,377.0,33.50000016328139,7308.0,8.500000163281392,25.0,AWW,26.0,AWW,25.0,AWW_escalation,2.521e6,1.291666e6,2.138514e6
147,Switzerland,1.5,3.5,0.008,0.04,43.369831237497664,237283.0,29.50000065997275,2328.0,27.0,865.0,28.0,1306.0,11.0,4.0,37.50000055313524,31778.0,26.500000553135237,27.0,AWW,28.0,AWW,11.0,AWW_escalation,2.522579e6,1.291838e6,2.134249e6
148,Switzerland,1.5,3.5,0.008,0.04,48.886034359947324,1.476595e6,36.500000474063825,23947.0,18.0,108.0,31.0,3992.0,4.0,0.0,30.500000840096188,3462.0,26.500000840096188,18.0,AWW,31.0,AWW,4.0,AWW_escalation,2.520065e6,1.288136e6,2.135765e6
149,Switzerland,1.5,3.5,0.008,0.04,52.87716070942954,3.979893e6,33.50000057960174,9836.0,27.0,1198.0,30.0,3526.0,3.0,0.0,35.5000009428892,18607.0,32.5000009428892,27.0,AWW,30.0,AWW,3.0,AWW_escalation,2.522917e6,1.292666e6,2.135321e6
150,Switzerland,1.5,3.5,0.008,0.04,44.157917152600206,324834.0,36.500000766229014,25324.0,28.0,1874.0,33.0,7883.0,23.0,290.0,33.5000008212459,9364.0,10.500000821245898,28.0,AWW,33.0,AWW,23.0,AWW_escalation,2.521505e6,1.291003e6,2.13668e6
151,Switzerland,1.5,3.5,0.008,0.04,44.19598808123676,325325.0,40.500000986481176,89675.0,18.0,42.0,32.0,5060.0,18.0,42.0,30.50000099788959,3109.0,12.50000099788959,18.0,AWW,32.0,AWW,18.0,AWW_escalation,2.521841e6,1.290615e6,2.136925e6
152,Switzerland,1.5,3.5,0.008,0.04,38.90132819470403,46299.0,36.50000079439066,21024.0,25.0,541.0,26.0,726.0,3.0,0.0,34.50000085163433,9773.0,31.500000851634333,25.0,AWW,26.0,AWW,3.0,AWW_escalation,2.522462e6,1.288513e6,2.133622e6
153,Switzerland,1.5,3.5,0.008,0.04,43.73230657304662,269192.0,40.50000073840259,95570.0,22.0,262.0,22.0,262.0,17.0,51.0,37.50000031647843,33867.0,20.500000316478427,22.0,AWW,22.0,AWW,17.0,AWW_escalation,2.519647e6,1.290828e6,2.136407e6
154,Switzerland,1.5,3.5,0.008,0.04,45.990683661049246,570792.0,22.50000021784753,703.0,28.0,1935.0,29.0,2645.0,14.0,85.0,22.500000355634853,703.0,8.500000355634853,22.50000021784753,HARISS,22.50000021784753,HARISS,14.0,AWW_escalation,2.52021e6,1.289707e6,2.134746e6
155,Switzerland,1.5,3.5,0.008,0.04,49.01743864531981,1.639411e6,33.50000031545929,9376.0,24.0,372.0,31.0,4001.0,4.0,0.0,33.50000010219114,9376.0,29.500000102191137,24.0,AWW,31.0,AWW,4.0,AWW_escalation,2.520111e6,1.290816e6,2.133893e6
156,Switzerland,1.5,3.5,0.008,0.04,47.631893483833586,1.013437e6,36.50000074825717,24117.0,23.0,168.0,31.0,3860.0,23.0,168.0,36.50000029378367,24117.0,13.500000293783671,23.0,AWW,31.0,AWW,23.0,AWW_escalation,2.523173e6,1.290107e6,2.13409e6
157,Switzerland,1.5,3.5,0.008,0.04,50.9419278292084,3.029456e6,15.500000787582495,181.0,26.0,1466.0,30.0,3476.0,18.0,293.0,28.500000057770457,2491.0,10.500000057770457,15.500000787582495,HARISS,15.500000787582495,HARISS,18.0,AWW_escalation,2.519585e6,1.291575e6,2.133965e6
158,Switzerland,1.5,3.5,0.008,0.04,45.98854920441318,562591.0,33.5000007590345,7786.0,24.0,346.0,30.0,2493.0,10.0,0.0,34.50000039852675,11111.0,24.50000039852675,24.0,AWW,30.0,AWW,10.0,AWW_escalation,2.520371e6,1.291566e6,2.134927e6
159,Switzerland,1.5,3.5,0.008,0.04,43.01270968959441,215887.0,26.500000423687275,576.0,20.0,68.0,26.0,469.0,20.0,68.0,34.500000412415595,11482.0,14.500000412415595,20.0,AWW,26.0,AWW,20.0,AWW_escalation,2.524526e6,1.290114e6,2.134516e6
160,Switzerland,1.5,3.5,0.008,0.04,50.90787357458883,2.935957e6,33.50000070898828,8460.0,28.0,1132.0,31.0,3322.0,28.0,1132.0,34.500000643149306,11282.0,6.500000643149306,28.0,AWW,31.0,AWW,28.0,AWW_escalation,2.520769e6,1.291756e6,2.13627e6
161,Switzerland,1.5,3.5,0.008,0.04,37.67828137319779,32761.0,33.50000045514701,8457.0,24.0,261.0,25.0,390.0,3.0,0.0,35.50000025203647,16068.0,32.50000025203647,24.0,AWW,25.0,AWW,3.0,AWW_escalation,2.523912e6,1.289139e6,2.135487e6
162,Switzerland,1.5,3.5,0.008,0.04,43.06996988072438,227593.0,36.500000908141935,24774.0,28.0,1364.0,29.0,1843.0,28.0,1364.0,36.500000316814386,24774.0,8.500000316814386,28.0,AWW,29.0,AWW,28.0,AWW_escalation,2.51887e6,1.289888e6,2.135211e6
163,Switzerland,1.5,3.5,0.008,0.04,43.61034529197268,253071.0,29.500000848033668,2615.0,21.0,438.0,30.0,3027.0,21.0,438.0,21.50000068168287,446.0,0.5000006816828702,21.0,AWW,29.500000848033668,HARISS,21.0,AWW_escalation,2.520675e6,1.290956e6,2.134572e6
164,Switzerland,1.5,3.5,0.008,0.04,41.564737588500144,129625.0,33.50000076492619,8208.0,27.0,1195.0,30.0,2685.0,27.0,1195.0,33.500000732010704,8208.0,6.5000007320107045,27.0,AWW,30.0,AWW,27.0,AWW_escalation,2.522568e6,1.287895e6,2.13531e6
165,Switzerland,1.5,3.5,0.008,0.04,46.471397785248435,663042.0,33.50000073640189,8265.0,25.0,322.0,30.0,2288.0,5.0,0.0,35.50000027788639,16505.0,30.500000277886393,25.0,AWW,30.0,AWW,5.0,AWW_escalation,2.522127e6,1.290824e6,2.134552e6
166,Switzerland,1.5,3.5,0.008,0.04,49.95315906645089,2.176938e6,33.50000065891102,8657.0,24.0,583.0,31.0,4357.0,3.0,0.0,29.500000949565173,2574.0,26.500000949565173,24.0,AWW,31.0,AWW,3.0,AWW_escalation,2.520352e6,1.290936e6,2.136382e6
167,Switzerland,1.5,3.5,0.008,0.04,45.81269749146467,512707.0,40.500000626545685,89898.0,22.0,240.0,31.0,4026.0,22.0,240.0,33.50000025963635,8527.0,11.500000259636352,22.0,AWW,31.0,AWW,22.0,AWW_escalation,2.524447e6,1.288262e6,2.133518e6
168,Switzerland,1.5,3.5,0.008,0.04,48.980536198012004,1.579441e6,40.500000039632546,90290.0,16.0,9.0,24.0,357.0,6.0,0.0,37.50000031233031,33256.0,31.500000312330307,16.0,AWW,24.0,AWW,6.0,AWW_escalation,2.522564e6,1.290332e6,2.134306e6
169,Switzerland,1.5,3.5,0.008,0.04,47.20969644535536,902430.0,26.500000315876875,929.0,24.0,390.0,24.0,390.0,23.0,203.0,30.500000996696482,3268.0,7.500000996696482,24.0,AWW,24.0,AWW,23.0,AWW_escalation,2.520163e6,1.292438e6,2.135972e6
170,Switzerland,1.5,3.5,0.008,0.04,49.780091025708565,1.998794e6,33.500000299728505,7077.0,23.0,222.0,33.0,5932.0,23.0,222.0,35.50000027205311,14957.0,12.500000272053107,23.0,AWW,33.0,AWW,23.0,AWW_escalation,2.524129e6,1.290066e6,2.133725e6
171,Switzerland,1.5,3.5,0.008,0.04,46.620837832527215,716287.0,33.50000015909652,8549.0,28.0,1615.0,29.0,2044.0,28.0,1615.0,28.50000018299668,1878.0,0.5000001829966791,28.0,AWW,29.0,AWW,28.0,AWW_escalation,2.522101e6,1.290395e6,2.136417e6
172,Switzerland,1.5,3.5,0.008,0.04,46.6216952648337,717983.0,36.500000261007905,22944.0,25.0,348.0,30.0,2023.0,25.0,348.0,40.500000445056926,89823.0,15.500000445056926,25.0,AWW,30.0,AWW,25.0,AWW_escalation,2.520769e6,1.290641e6,2.136859e6
173,Switzerland,1.5,3.5,0.008,0.04,46.06023266136678,613456.0,36.50000095791462,23317.0,29.0,1743.0,32.0,5324.0,29.0,1743.0,33.50000057241923,8675.0,4.500000572419232,29.0,AWW,32.0,AWW,29.0,AWW_escalation,2.523198e6,1.290742e6,2.134978e6
174,Switzerland,1.5,3.5,0.008,0.04,49.74278396019172,2.007637e6,33.50000016626013,8353.0,26.0,616.0,27.0,857.0,18.0,35.0,34.50000083065219,11331.0,16.50000083065219,26.0,AWW,27.0,AWW,18.0,AWW_escalation,2.521696e6,1.290474e6,2.134946e6
175,Switzerland,1.5,3.5,0.008,0.04,36.93379734570281,26118.0,33.50000062091059,8370.0,22.0,143.0,30.0,2333.0,18.0,38.0,37.50000025348162,32551.0,19.500000253481623,22.0,AWW,30.0,AWW,18.0,AWW_escalation,2.522963e6,1.290603e6,2.133265e6
176,Switzerland,1.5,3.5,0.008,0.04,49.77860339105034,2.006877e6,33.50000084577855,7953.0,19.0,40.0,24.0,296.0,19.0,40.0,35.500000358518285,15731.0,16.500000358518285,19.0,AWW,24.0,AWW,19.0,AWW_escalation,2.526392e6,1.290184e6,2.132773e6
177,Switzerland,1.5,3.5,0.008,0.04,49.963717935097776,2.202596e6,36.500000204027714,23165.0,27.0,833.0,28.0,1289.0,22.0,149.0,33.500000527251515,8225.0,11.500000527251515,27.0,AWW,28.0,AWW,22.0,AWW_escalation,2.524852e6,1.290011e6,2.135621e6
178,Switzerland,1.5,3.5,0.008,0.04,50.42838761737844,2.585032e6,40.50000047250429,86577.0,24.0,463.0,19.0,62.0,18.0,34.0,35.500000453103475,15168.0,17.500000453103475,24.0,AWW,19.0,AWW,18.0,AWW_escalation,2.524364e6,1.289816e6,2.133749e6
179,Switzerland,1.5,3.5,0.008,0.04,43.90118345060588,268523.0,40.500000792585915,90108.0,23.0,145.0,30.0,2235.0,23.0,145.0,37.50000070429256,32255.0,14.50000070429256,23.0,AWW,30.0,AWW,23.0,AWW_escalation,2.521391e6,1.290997e6,2.134485e6
180,Switzerland,1.5,3.5,0.008,0.04,40.67255775848382,89146.0,36.50000057002868,20998.0,25.0,465.0,26.0,600.0,25.0,465.0,Inf,NaN,NaN,25.0,AWW,26.0,AWW,25.0,AWW_escalation,2.523494e6,1.291178e6,2.135357e6
181,Switzerland,1.5,3.5,0.008,0.04,49.162767913912646,1.791643e6,40.5000001283603,91446.0,20.0,122.0,20.0,122.0,19.0,58.0,33.50000007781546,8552.0,14.500000077815457,20.0,AWW,20.0,AWW,19.0,AWW_escalation,2.522918e6,1.291476e6,2.136496e6
182,Switzerland,1.5,3.5,0.008,0.04,50.548028827650334,2.791539e6,36.500000734800025,22608.0,26.0,675.0,27.0,982.0,26.0,675.0,34.5000005937258,11705.0,8.500000593725801,26.0,AWW,27.0,AWW,26.0,AWW_escalation,2.520375e6,1.29116e6,2.135884e6
183,Switzerland,1.5,3.5,0.008,0.04,47.04683427491307,848691.0,33.50000019836038,8211.0,30.0,2719.0,30.0,2719.0,29.0,1759.0,33.50000093863352,8211.0,4.500000938633519,30.0,AWW,30.0,AWW,29.0,AWW_escalation,2.521604e6,1.290073e6,2.135076e6
184,Switzerland,1.5,3.5,0.008,0.04,49.73747695960764,2.000447e6,29.50000080209351,2409.0,20.0,79.0,27.0,813.0,9.0,8.0,37.500000234845224,32956.0,28.500000234845224,20.0,AWW,27.0,AWW,9.0,AWW_escalation,2.522578e6,1.288817e6,2.134584e6
185,Switzerland,1.5,3.5,0.008,0.04,52.5529719562366,3.984227e6,36.500000776931614,25994.0,30.0,2626.0,30.0,2626.0,29.0,1801.0,35.50000096512783,18760.0,6.500000965127832,30.0,AWW,30.0,AWW,29.0,AWW_escalation,2.524611e6,1.289825e6,2.133343e6
186,Switzerland,1.5,3.5,0.008,0.04,51.85020398960582,3.976591e6,36.50000033443037,22032.0,25.0,303.0,30.0,1888.0,25.0,303.0,35.500000365594765,15641.0,10.500000365594765,25.0,AWW,30.0,AWW,25.0,AWW_escalation,2.522191e6,1.28779e6,2.135509e6
187,Switzerland,1.5,3.5,0.008,0.04,44.952606489195155,398129.0,36.50000015592607,24588.0,23.0,196.0,28.0,1464.0,18.0,41.0,33.5000004640148,8651.0,15.500000464014803,23.0,AWW,28.0,AWW,18.0,AWW_escalation,2.522685e6,1.291642e6,2.136183e6
188,Switzerland,1.5,3.5,0.008,0.04,51.01218649209567,3.249058e6,33.50000030460999,8350.0,28.0,1357.0,29.0,1770.0,4.0,0.0,34.50000029844598,11916.0,30.500000298445983,28.0,AWW,29.0,AWW,4.0,AWW_escalation,2.523474e6,1.292168e6,2.133333e6
189,Switzerland,1.5,3.5,0.008,0.04,48.249252350600976,1.286733e6,29.50000018628589,1831.0,29.0,1624.0,32.0,4206.0,17.0,5.0,33.5000006846952,7136.0,16.500000684695202,29.0,AWW,29.50000018628589,HARISS,17.0,AWW_escalation,2.523059e6,1.291715e6,2.134765e6
190,Switzerland,1.5,3.5,0.008,0.04,47.927655561538,1.069894e6,36.500000703652944,21697.0,22.0,90.0,23.0,164.0,22.0,90.0,33.50000095932191,7639.0,11.500000959321909,22.0,AWW,23.0,AWW,22.0,AWW_escalation,2.521227e6,1.288578e6,2.135382e6
191,Switzerland,1.5,3.5,0.008,0.04,45.999687840731994,581366.0,40.50000058722737,89658.0,24.0,274.0,33.0,6214.0,24.0,274.0,36.50000033683148,22380.0,12.500000336831476,24.0,AWW,33.0,AWW,24.0,AWW_escalation,2.523335e6,1.289985e6,2.135911e6
192,Switzerland,1.5,3.5,0.008,0.04,46.00509739306245,585740.0,36.50000060140654,23216.0,24.0,394.0,28.0,1733.0,24.0,394.0,27.500000880369218,1373.0,3.5000008803692175,24.0,AWW,28.0,AWW,24.0,AWW_escalation,2.524455e6,1.288507e6,2.13763e6
193,Switzerland,1.5,3.5,0.008,0.04,47.808875509608896,1.027697e6,26.50000097330536,785.0,26.0,702.0,27.0,891.0,5.0,0.0,40.50000042356683,90052.0,35.50000042356683,26.0,AWW,26.50000097330536,HARISS,5.0,AWW_escalation,2.524001e6,1.291598e6,2.135025e6
194,Switzerland,1.5,3.5,0.008,0.04,43.98048611453035,281342.0,36.500000645237876,22168.0,26.0,759.0,27.0,1030.0,23.0,302.0,29.500000283217684,2052.0,6.500000283217684,26.0,AWW,27.0,AWW,23.0,AWW_escalation,2.521417e6,1.290636e6,2.134647e6
195,Switzerland,1.5,3.5,0.008,0.04,44.883973236385124,378014.0,33.50000010358911,8529.0,27.0,708.0,28.0,1305.0,6.0,0.0,30.500000479650435,3099.0,24.500000479650435,27.0,AWW,28.0,AWW,6.0,AWW_escalation,2.525767e6,1.291613e6,2.134697e6
196,Switzerland,1.5,3.5,0.008,0.04,49.6281560208175,1.981944e6,33.500000954184394,7764.0,27.0,837.0,30.0,2391.0,21.0,68.0,33.500000364490916,7764.0,12.500000364490916,27.0,AWW,30.0,AWW,21.0,AWW_escalation,2.522799e6,1.290522e6,2.132431e6
197,Switzerland,1.5,3.5,0.008,0.04,47.804155510966474,1.025324e6,36.500000995927806,22374.0,15.0,13.0,30.0,2419.0,3.0,0.0,35.50000096950528,15646.0,32.50000096950528,15.0,AWW,30.0,AWW,3.0,AWW_escalation,2.523604e6,1.29089e6,2.137164e6
198,Switzerland,1.5,3.5,0.008,0.04,51.792113011974266,3.960066e6,33.500000622191244,8337.0,29.0,1956.0,30.0,2678.0,24.0,466.0,28.500000617339023,1742.0,4.500000617339023,29.0,AWW,30.0,AWW,24.0,AWW_escalation,2.521985e6,1.290121e6,2.135407e6
199,Switzerland,1.5,3.5,0.008,0.04,43.02491833171313,215771.0,36.50000038982762,23183.0,28.0,1084.0,32.0,4800.0,26.0,519.0,34.500000826245916,11786.0,8.500000826245916,28.0,AWW,32.0,AWW,26.0,AWW_escalation,2.523006e6,1.290074e6,2.13599e6
200,Switzerland,1.5,3.5,0.008,0.04,40.789180756810474,93782.0,22.500000261880697,185.0,27.0,859.0,27.0,859.0,11.0,0.0,30.500000903066805,2552.0,19.500000903066805,22.500000261880697,HARISS,22.500000261880697,HARISS,11.0,AWW_escalation,2.519348e6,1.288447e6,2.134251e6
201,Switzerland,1.5,3.5,0.008,0.04,46.97216180158802,792400.0,36.500000400073674,22872.0,23.0,317.0,29.0,1724.0,12.0,0.0,30.500000127853955,2785.0,18.500000127853955,23.0,AWW,29.0,AWW,12.0,AWW_escalation,2.522858e6,1.289655e6,2.131923e6
202,Switzerland,1.5,3.5,0.008,0.04,49.94462996962148,2.142684e6,33.50000023171238,8129.0,25.0,436.0,30.0,2751.0,25.0,436.0,35.50000077114482,16630.0,10.500000771144819,25.0,AWW,30.0,AWW,25.0,AWW_escalation,2.523332e6,1.291323e6,2.137942e6
203,Switzerland,1.5,3.5,0.008,0.04,47.462302602171775,934045.0,29.50000029172385,1958.0,27.0,751.0,30.0,2483.0,7.0,0.0,36.50000032925408,23019.0,29.50000032925408,27.0,AWW,29.50000029172385,HARISS,7.0,AWW_escalation,2.519718e6,1.291911e6,2.133478e6
204,Switzerland,1.5,3.5,0.008,0.04,44.554133392202914,356509.0,40.5000003021707,90203.0,24.0,306.0,25.0,440.0,14.0,8.0,35.500000114994336,16453.0,21.500000114994336,24.0,AWW,25.0,AWW,14.0,AWW_escalation,2.520646e6,1.292111e6,2.135002e6
205,Switzerland,1.5,3.5,0.008,0.04,47.799797761703196,1.025268e6,36.50000044716834,23955.0,28.0,1139.0,29.0,1699.0,23.0,168.0,34.50000037940162,11987.0,11.50000037940162,28.0,AWW,29.0,AWW,23.0,AWW_escalation,2.52272e6,1.289944e6,2.13449e6
206,Switzerland,1.5,3.5,0.008,0.04,47.95717860204294,1.102698e6,33.50000061410373,9232.0,18.0,25.0,25.0,438.0,18.0,25.0,37.50000082122783,33426.0,19.50000082122783,18.0,AWW,25.0,AWW,18.0,AWW_escalation,2.523079e6,1.288523e6,2.135144e6
207,Switzerland,1.5,3.5,0.008,0.04,49.420635556251845,1.826723e6,33.50000071412416,7726.0,28.0,1451.0,29.0,1837.0,28.0,1451.0,40.50000016050575,89093.0,12.50000016050575,28.0,AWW,29.0,AWW,28.0,AWW_escalation,2.520777e6,1.290684e6,2.133743e6
208,Switzerland,1.5,3.5,0.008,0.04,51.25195853115296,3.570386e6,36.50000024815682,23085.0,25.0,474.0,30.0,2554.0,25.0,474.0,30.500000367832527,2923.0,5.500000367832527,25.0,AWW,30.0,AWW,25.0,AWW_escalation,2.523546e6,1.292788e6,2.131724e6
209,Switzerland,1.5,3.5,0.008,0.04,44.8395589335678,372096.0,33.50000005683327,8017.0,28.0,946.0,31.0,2993.0,4.0,0.0,33.50000034889399,8017.0,29.50000034889399,28.0,AWW,31.0,AWW,4.0,AWW_escalation,2.52414e6,1.290318e6,2.133024e6
210,Switzerland,1.5,3.5,0.008,0.04,45.01015094443125,417036.0,36.500000098292034,22509.0,26.0,446.0,31.0,3353.0,21.0,78.0,34.50000048311038,11374.0,13.500000483110377,26.0,AWW,31.0,AWW,21.0,AWW_escalation,2.524979e6,1.29032e6,2.135792e6
211,Switzerland,1.5,3.5,0.008,0.04,39.65804702186283,68248.0,22.50000020397724,194.0,27.0,865.0,28.0,1193.0,10.0,0.0,20.50000049037497,89.0,10.500000490374969,22.50000020397724,HARISS,22.50000020397724,HARISS,10.0,AWW_escalation,2.519733e6,1.288696e6,2.135674e6
212,Switzerland,1.5,3.5,0.008,0.04,45.306815870291395,466276.0,36.50000065203094,22966.0,31.0,3166.0,32.0,4673.0,31.0,3166.0,Inf,NaN,NaN,31.0,AWW,32.0,AWW,31.0,AWW_escalation,2.52075e6,1.292323e6,2.136667e6
213,Switzerland,1.5,3.5,0.008,0.04,40.92623259351712,98822.0,29.500000946909005,1724.0,30.0,2027.0,30.0,2027.0,17.0,19.0,35.50000070952817,15850.0,18.500000709528173,29.500000946909005,HARISS,29.500000946909005,HARISS,17.0,AWW_escalation,2.526891e6,1.289006e6,2.134589e6
214,Switzerland,1.5,3.5,0.008,0.04,45.326384335611976,465373.0,36.50000075150993,23558.0,29.0,1654.0,30.0,2466.0,12.0,0.0,36.50000010872519,23558.0,24.50000010872519,29.0,AWW,30.0,AWW,12.0,AWW_escalation,2.522285e6,1.292426e6,2.131744e6
215,Switzerland,1.5,3.5,0.008,0.04,47.86385116656342,1.032974e6,33.50000046449434,8430.0,24.0,393.0,32.0,5350.0,11.0,0.0,28.50000079697393,1842.0,17.50000079697393,24.0,AWW,32.0,AWW,11.0,AWW_escalation,2.520733e6,1.290793e6,2.133399e6
216,Switzerland,1.5,3.5,0.008,0.04,45.564666247353976,510842.0,40.500000887990915,91980.0,27.0,891.0,30.0,2763.0,27.0,891.0,33.50000015350817,8990.0,6.500000153508168,27.0,AWW,30.0,AWW,27.0,AWW_escalation,2.520518e6,1.29145e6,2.134986e6
217,Switzerland,1.5,3.5,0.008,0.04,49.8148436570235,2.029106e6,36.50000045446218,21751.0,29.0,1688.0,30.0,2402.0,17.0,164.0,33.500000985005556,7483.0,16.500000985005556,29.0,AWW,30.0,AWW,17.0,AWW_escalation,2.519715e6,1.289e6,2.135702e6
218,Switzerland,1.5,3.5,0.008,0.04,41.37604681462568,118058.0,33.5000007336649,7573.0,29.0,1550.0,30.0,2314.0,18.0,33.0,33.50000073950677,7573.0,15.500000739506767,29.0,AWW,30.0,AWW,18.0,AWW_escalation,2.524276e6,1.290965e6,2.13584e6
219,Switzerland,1.5,3.5,0.008,0.04,49.83785416499343,2.0358e6,40.5000003747919,88468.0,27.0,845.0,32.0,5207.0,16.0,15.0,34.500000169526054,11701.0,18.500000169526054,27.0,AWW,32.0,AWW,16.0,AWW_escalation,2.522667e6,1.291958e6,2.135246e6
220,Switzerland,1.5,3.5,0.008,0.04,45.758438554907976,516120.0,36.50000088678091,24037.0,25.0,285.0,31.0,3194.0,25.0,285.0,35.50000013978515,16509.0,10.50000013978515,25.0,AWW,31.0,AWW,25.0,AWW_escalation,2.522421e6,1.289396e6,2.131675e6
221,Switzerland,1.5,3.5,0.008,0.04,50.93501578165781,3.008946e6,40.50000008085644,85266.0,23.0,158.0,29.0,1473.0,23.0,158.0,30.50000031219489,2590.0,7.500000312194889,23.0,AWW,29.0,AWW,23.0,AWW_escalation,2.523366e6,1.292191e6,2.133647e6
222,Switzerland,1.5,3.5,0.008,0.04,50.77785189232088,2.840339e6,36.5000006142786,22923.0,24.0,262.0,31.0,2613.0,10.0,0.0,33.500000439568204,7783.0,23.500000439568204,24.0,AWW,31.0,AWW,10.0,AWW_escalation,2.522901e6,1.29065e6,2.134387e6
223,Switzerland,1.5,3.5,0.008,0.04,41.69184929729221,130478.0,36.50000062651653,22137.0,26.0,456.0,31.0,2938.0,26.0,456.0,28.500000102118776,1284.0,2.5000001021187757,26.0,AWW,31.0,AWW,26.0,AWW_escalation,2.523489e6,1.291739e6,2.134298e6
224,Switzerland,1.5,3.5,0.008,0.04,47.8144998108508,1.040832e6,36.50000053486088,23202.0,25.0,371.0,26.0,624.0,10.0,0.0,33.50000090858453,8070.0,23.500000908584532,25.0,AWW,26.0,AWW,10.0,AWW_escalation,2.519922e6,1.291516e6,2.134025e6
225,Switzerland,1.5,3.5,0.008,0.04,46.17883938004651,641381.0,36.50000027631337,22784.0,19.0,5.0,25.0,371.0,19.0,5.0,33.500000247060086,8153.0,14.500000247060086,19.0,AWW,25.0,AWW,19.0,AWW_escalation,2.519093e6,1.291414e6,2.13258e6
226,Switzerland,1.5,3.5,0.008,0.04,46.47778325635792,667769.0,36.50000044846578,22381.0,24.0,409.0,25.0,521.0,18.0,42.0,26.500000252420328,792.0,8.500000252420328,24.0,AWW,25.0,AWW,18.0,AWW_escalation,2.521575e6,1.292521e6,2.134642e6
227,Switzerland,1.5,3.5,0.008,0.04,47.96077998944065,1.106048e6,36.500000744122204,22687.0,18.0,16.0,23.0,311.0,3.0,0.0,30.50000013314003,3271.0,27.50000013314003,18.0,AWW,23.0,AWW,3.0,AWW_escalation,2.52059e6,1.290935e6,2.13216e6
228,Switzerland,1.5,3.5,0.008,0.04,48.74130582722459,1.436382e6,36.500000612630295,21174.0,19.0,86.0,25.0,377.0,15.0,11.0,33.500000968326106,7284.0,18.500000968326106,19.0,AWW,25.0,AWW,15.0,AWW_escalation,2.522148e6,1.292027e6,2.137674e6
229,Switzerland,1.5,3.5,0.008,0.04,53.72219001607652,3.976054e6,36.50000007360801,22893.0,25.0,680.0,25.0,680.0,5.0,0.0,36.50000075669936,22893.0,31.500000756699357,25.0,AWW,25.0,AWW,5.0,AWW_escalation,2.523643e6,1.290802e6,2.135654e6
230,Switzerland,1.5,3.5,0.008,0.04,46.95594332167015,774559.0,36.50000033210759,24467.0,27.0,838.0,28.0,1134.0,24.0,250.0,37.50000067636548,34159.0,13.500000676365481,27.0,AWW,28.0,AWW,24.0,AWW_escalation,2.521445e6,1.290552e6,2.138481e6
231,Switzerland,1.5,3.5,0.008,0.04,44.92240757974126,388708.0,36.5000006062275,24582.0,23.0,367.0,31.0,3928.0,3.0,0.0,33.50000055326595,9277.0,30.50000055326595,23.0,AWW,31.0,AWW,3.0,AWW_escalation,2.522174e6,1.287548e6,2.135124e6
232,Switzerland,1.5,3.5,0.008,0.04,47.595502841140544,1.000789e6,40.5000003502268,87870.0,27.0,1175.0,30.0,2724.0,7.0,0.0,33.50000009221966,8607.0,26.500000092219658,27.0,AWW,30.0,AWW,7.0,AWW_escalation,2.52269e6,1.288878e6,2.137496e6
233,Switzerland,1.5,3.5,0.008,0.04,41.79961266725249,125197.0,36.50000023904614,22547.0,28.0,1293.0,29.0,1711.0,28.0,1293.0,Inf,NaN,NaN,28.0,AWW,29.0,AWW,28.0,AWW_escalation,2.523346e6,1.290193e6,2.132292e6
234,Switzerland,1.5,3.5,0.008,0.04,44.95773401469217,399924.0,33.50000067346811,9692.0,21.0,144.0,31.0,4407.0,3.0,0.0,33.50000090191374,9692.0,30.500000901913737,21.0,AWW,31.0,AWW,3.0,AWW_escalation,2.522693e6,1.291354e6,2.134611e6
235,Switzerland,1.5,3.5,0.008,0.04,47.59058428949234,1.00638e6,36.50000027493167,22127.0,15.0,33.0,28.0,1454.0,15.0,33.0,37.50000099453167,32390.0,22.500000994531668,15.0,AWW,28.0,AWW,15.0,AWW_escalation,2.522046e6,1.290076e6,2.136836e6
236,Switzerland,1.5,3.5,0.008,0.04,50.9017693300559,2.935407e6,33.50000073054226,8376.0,23.0,154.0,24.0,241.0,3.0,0.0,33.500000911082026,8376.0,30.500000911082026,23.0,AWW,24.0,AWW,3.0,AWW_escalation,2.521603e6,1.290789e6,2.134109e6
237,Switzerland,1.5,3.5,0.008,0.04,44.116031025584476,323342.0,29.50000076067692,2065.0,16.0,9.0,28.0,1067.0,12.0,0.0,36.500000851991466,23200.0,24.500000851991466,16.0,AWW,28.0,AWW,12.0,AWW_escalation,2.521568e6,1.288673e6,2.133614e6
238,Switzerland,1.5,3.5,0.008,0.04,51.80005054009055,3.982347e6,36.50000054603646,24175.0,26.0,679.0,30.0,2625.0,18.0,29.0,35.500000502145035,17691.0,17.500000502145035,26.0,AWW,30.0,AWW,18.0,AWW_escalation,2.52167e6,1.290581e6,2.136027e6
239,Switzerland,1.5,3.5,0.008,0.04,51.162481537902664,3.538541e6,36.50000024192559,22206.0,22.0,35.0,28.0,930.0,22.0,35.0,30.500000131565546,2514.0,8.500000131565546,22.0,AWW,28.0,AWW,22.0,AWW_escalation,2.5234e6,1.291054e6,2.136982e6
240,Switzerland,1.5,3.5,0.008,0.04,49.42931261939773,1.843604e6,29.500000572447608,1995.0,23.0,193.0,29.0,1752.0,7.0,5.0,34.50000005469297,11291.0,27.50000005469297,23.0,AWW,29.0,AWW,7.0,AWW_escalation,2.525132e6,1.290568e6,2.133708e6
241,Switzerland,1.5,3.5,0.008,0.04,46.89864339650261,750551.0,36.500000383272976,24119.0,24.0,241.0,28.0,1010.0,15.0,5.0,34.500000577664004,11675.0,19.500000577664004,24.0,AWW,28.0,AWW,15.0,AWW_escalation,2.521575e6,1.289161e6,2.13645e6
242,Switzerland,1.5,3.5,0.008,0.04,37.439879936954476,30017.0,26.500000853130434,823.0,21.0,200.0,31.0,3227.0,3.0,0.0,36.50000035417067,21831.0,33.50000035417067,21.0,AWW,26.500000853130434,HARISS,3.0,AWW_escalation,2.521061e6,1.291045e6,2.13319e6
243,Switzerland,1.5,3.5,0.008,0.04,47.67300008466662,1.010569e6,36.500000960008634,24045.0,15.0,0.0,27.0,974.0,15.0,0.0,33.500000021047796,8488.0,18.500000021047796,15.0,AWW,27.0,AWW,15.0,AWW_escalation,2.52094e6,1.289578e6,2.135021e6
244,Switzerland,1.5,3.5,0.008,0.04,39.966317860324416,72687.0,36.50000032234748,23117.0,28.0,1633.0,31.0,3970.0,7.0,0.0,29.50000027883159,2592.0,22.50000027883159,28.0,AWW,31.0,AWW,7.0,AWW_escalation,2.522993e6,1.291385e6,2.135377e6
245,Switzerland,1.5,3.5,0.008,0.04,48.95724265663646,1.555854e6,36.50000046793869,22739.0,17.0,26.0,30.0,2711.0,17.0,26.0,35.50000020302883,16139.0,18.500000203028833,17.0,AWW,30.0,AWW,17.0,AWW_escalation,2.524235e6,1.290334e6,2.133905e6
246,Switzerland,1.5,3.5,0.008,0.04,45.86126215441039,519490.0,29.5000006476442,1901.0,30.0,2254.0,33.0,6509.0,30.0,2254.0,33.50000058634456,7606.0,3.5000005863445622,29.5000006476442,HARISS,29.5000006476442,HARISS,30.0,AWW_escalation,2.52227e6,1.289371e6,2.134603e6
247,Switzerland,1.5,3.5,0.008,0.04,49.97891643561007,2.216597e6,40.50000092182676,87060.0,28.0,1115.0,29.0,1545.0,28.0,1115.0,33.500000225280814,7352.0,5.5000002252808144,28.0,AWW,29.0,AWW,28.0,AWW_escalation,2.521731e6,1.291772e6,2.135456e6
248,Switzerland,1.5,3.5,0.008,0.04,52.057185477127504,3.972897e6,36.500000013139214,24587.0,22.0,150.0,29.0,1668.0,22.0,150.0,33.50000088707476,8972.0,11.500000887074762,22.0,AWW,29.0,AWW,22.0,AWW_escalation,2.525495e6,1.290719e6,2.134284e6
249,Switzerland,1.5,3.5,0.008,0.04,48.06845764449619,1.221857e6,33.50000052772627,8294.0,26.0,657.0,27.0,1103.0,12.0,0.0,30.500000304248886,3008.0,18.500000304248886,26.0,AWW,27.0,AWW,12.0,AWW_escalation,2.523608e6,1.291413e6,2.135581e6
250,Switzerland,1.5,3.5,0.008,0.04,50.87971092360728,2.92351e6,36.500000345950255,22578.0,23.0,194.0,29.0,2106.0,23.0,194.0,33.500000475390785,8410.0,10.500000475390785,23.0,AWW,29.0,AWW,23.0,AWW_escalation,2.52223e6,1.29181e6,2.134064e6
