NHS_Trust_code,2024_4_function,2024_5_function,2024_6_function,2024_7_function,2024_8_function,2024_9_function,2024_10_function,2024_11_function,2024_12_function,2025_1_function,2025_2_function,2025_3_function,mean_12m,mean_12m_prop
NDJ,0,0,0,0,0,0,0,0,0,0,0,0,0.0000,0.0000000000
NL7,0,0,0,0,0,0,0,0,0,0,0,0,0.0000,0.0000000000
NLX,0,0,0,0,0,0,0,0,0,0,0,0,0.0000,0.0000000000
NNJ,0,0,0,0,0,0,0,0,0,0,0,0,0.0000,0.0000000000
NR3,0,0,0,0,0,0,0,0,0,0,0,0,0.0000,0.0000000000
R0A,23565,26218,24223,24235,21610,23533,25876,26244,25547,24310,22416,25292,24422.4167,0.0178742309
R0B,11076,11704,11270,11554,10568,11215,12481,11925,12083,10809,9989,11463,11344.7500,0.0083029736
R0D,12739,13855,13603,13604,13227,12978,13526,13107,13366,12296,11840,13702,13153.5833,0.0096268190
R1D,0,0,0,0,0,0,0,0,0,0,0,0,0.0000,0.0000000000
R1F,4088,4425,4026,4595,4455,3961,4072,4191,4774,4428,4136,4266,4284.7500,0.0031359145
R1H,23379,24992,23982,25172,23072,24191,25988,25692,25805,25012,22906,25830,24668.4167,0.0180542729
R1K,12755,13910,13085,13350,12312,12797,13495,13834,14095,13728,12788,14125,13356.1667,0.0097750853
RA2,6572,6641,6655,6586,6150,6573,6970,7022,6551,6385,6118,6924,6595.5833,0.0048271627
RA7,15115,16093,15122,15165,14153,14776,16097,16427,15827,14626,13998,16099,15291.5000,0.0111915133
RA9,6247,6698,6512,6774,6432,6235,6217,6145,6285,5843,5532,6650,6297.5000,0.0046090021
RAE,9299,9649,9289,9302,8798,8960,9611,9509,10047,8851,8651,9248,9267.8333,0.0067829239
RAJ,28759,31119,29579,30718,28003,29860,31183,30826,31192,28930,26897,31792,29904.8333,0.0218866914
RAL,18315,18941,17990,18231,16221,16645,17893,17661,17780,24850,23137,25381,19420.4167,0.0142133769
RAN,0,0,0,0,0,0,0,0,0,0,0,0,0.0000,0.0000000000
RAP,7727,8269,7867,7849,7497,7912,8680,8411,8518,0,0,0,6060.8333,0.0044357909
RAS,5629,6043,5946,6079,5660,6077,6235,6270,6404,5973,5687,6236,6019.9167,0.0044058449
RAT,0,0,0,0,0,0,0,0,0,0,0,0,0.0000,0.0000000000
RAX,6887,7329,7002,7078,6465,6915,7198,7341,7469,7258,6478,7332,7062.6667,0.0051690108
RBD,4182,4472,4311,4605,4587,4224,4194,4036,4150,3841,3471,4111,4182.0000,0.0030607140
RBK,8277,8928,8677,9187,8140,8721,10098,9841,9777,9044,8257,9286,9019.4167,0.0066011132
RBL,7595,8354,7780,7920,7488,7655,8011,5970,7469,7439,6626,7845,7512.6667,0.0054983559
RBN,16959,18018,16606,17086,15686,15845,17574,17192,16950,16188,15299,17832,16769.5833,0.0122732901
RBQ,0,0,0,0,0,0,0,0,0,0,0,0,0.0000,0.0000000000
RBS,5628,6107,5739,5165,3843,5058,5891,6277,6181,5771,5570,6446,5639.6667,0.0041275483
RBT,6991,7444,7298,7259,6652,6969,7453,7229,7274,6632,6236,7136,7047.7500,0.0051580936
RBV,0,0,0,0,0,0,0,0,0,0,0,0,0.0000,0.0000000000
RC9,15343,16836,16576,16511,15388,15695,16766,16716,16743,15468,14688,17026,16146.3333,0.0118171471
RCB,11129,11533,11392,10808,10260,10220,11390,10945,10763,10119,9502,10854,10742.9167,0.0078625050
RCD,4751,5183,5113,5111,4834,5056,5070,5062,5167,4739,4435,5137,4971.5000,0.0036385318
RCF,5567,6340,6052,6135,5712,5682,6010,5652,5809,5350,5169,5892,5780.8333,0.0042308651
RCU,4319,4996,4810,4330,3483,4336,4852,5219,4994,4046,3892,4859,4511.3333,0.0033017459
RCX,6228,6910,6764,6907,6630,6549,6749,6813,7060,6370,6037,6746,6646.9167,0.0048647325
RD1,8258,9080,8500,8656,8167,8575,8824,8488,8580,7900,7674,8762,8455.3333,0.0061882729
RD8,7780,8486,8360,8444,7730,8258,8699,8345,8531,7840,7528,8545,8212.1667,0.0060103046
RDE,14264,15434,14872,15305,14589,14079,14759,12745,13344,11834,11244,11802,13689.2500,0.0100188617
RDR,0,0,0,0,0,0,0,0,0,0,0,0,0.0000,0.0000000000
RDU,21666,23846,22963,23320,21240,22006,23210,22368,23744,22829,19788,22632,22467.6667,0.0164435923
RDY,0,0,0,0,0,0,0,0,0,0,0,0,0.0000,0.0000000000
REF,6105,6719,6521,6708,6978,6479,6319,5764,6184,5987,5765,6629,6346.5000,0.0046448641
REM,14949,16314,15168,15532,14900,15299,16042,15519,15507,14224,14072,15869,15282.9167,0.0111852314
REP,0,0,0,0,0,0,0,0,0,0,0,0,0.0000,0.0000000000
RET,0,0,0,0,0,0,0,0,0,0,0,0,0.0000,0.0000000000
RF4,12585,13446,13032,12880,11649,12549,13771,13817,14055,13814,12433,13687,13143.1667,0.0096191953
RFF,8335,8850,8780,9089,8490,8612,9029,9113,9184,8663,7870,9281,8774.6667,0.0064219860
RFR,8172,8970,8704,8700,8118,8327,9227,8946,9222,8708,8181,9434,8725.7500,0.0063861850
RFS,6813,7487,7027,7428,7088,6907,7336,6922,6779,6401,5996,6919,6925.2500,0.0050684385
RGN,12628,13386,13873,14267,13526,13806,14981,14924,15552,14196,13225,14928,14107.6667,0.0103250917
RGP,6950,7644,7323,7844,7757,7222,7574,7287,7082,6535,6286,7416,7243.3333,0.0053012367
RGR,7275,7960,7562,7823,7363,7550,7823,7755,7916,7423,6671,8165,7607.1667,0.0055675184
RGT,9929,10313,10072,10480,10138,10326,11235,10816,10649,9799,9643,10973,10364.4167,0.0075854892
RH5,12901,13492,13146,13431,12836,12678,13140,12368,12984,11562,10816,13097,12704.2500,0.0092979618
RH8,11828,12900,12641,12929,12797,12118,12376,12241,12262,11393,10851,12632,12247.3333,0.0089635545
RHM,11282,12453,11461,11913,11011,11349,12497,12029,12323,11405,10784,11829,11694.6667,0.0085590699
RHQ,8906,9441,8962,9397,8861,8718,9401,9085,9084,8814,7927,9031,8968.9167,0.0065641533
RHU,9965,10464,9788,10175,9425,9553,10460,9838,10244,9971,9534,11155,10047.6667,0.0073536668
RHW,11556,12521,12057,12182,11028,11593,11638,11076,11028,10473,9494,12163,11400.7500,0.0083439588
RJ1,10365,11226,10382,10650,9600,10047,10724,10740,10355,9690,9085,10247,10259.2500,0.0075085200
RJ2,13071,14039,13920,14381,13116,13964,14416,14664,14817,14126,12884,15526,14077.0000,0.0103026474
RJ6,12926,13703,13337,13230,12064,12509,12732,13200,13668,12997,11931,13255,12962.6667,0.0094870913
RJ7,8344,9193,8735,9127,7874,8725,9297,9271,9025,8811,8065,9283,8812.5000,0.0064496754
RJ8,0,0,0,0,0,0,0,0,0,0,0,0,0.0000,0.0000000000
RJC,8132,8612,8443,8408,7904,8082,8720,8706,8418,7498,7205,8483,8217.5833,0.0060142689
RJE,13330,14147,13371,13507,12919,13168,13787,13436,13450,13301,12461,14701,13464.8333,0.0098546161
RJL,15035,9065,8775,9141,8901,8543,8854,8858,9302,8659,8126,9197,9371.3333,0.0068586732
RJN,4227,4714,4360,4422,4125,4101,4608,4281,4448,4011,3848,4450,4299.5833,0.0031467707
RJR,5133,5418,5098,5295,4794,4835,5106,5109,5166,4792,4540,5250,5044.6667,0.0036920808
RJZ,15174,16286,15505,15940,14582,15439,15923,15478,15408,15093,14118,15710,15388.0000,0.0112621396
RK5,10776,11680,11024,11291,10030,10570,10856,10534,10440,10068,9495,11381,10678.7500,0.0078155428
RK9,8342,9272,9105,9222,8907,8884,9604,9116,9586,8603,8072,9353,9005.5000,0.0065909279
RKB,11311,12422,11658,11762,10799,11329,12224,12296,12631,11610,10786,12494,11776.8333,0.0086192059
RKE,8958,9522,9125,9387,8979,8903,9209,9302,9388,9061,8215,9282,9110.9167,0.0066680800
RL1,0,0,0,0,0,0,0,0,0,0,0,0,0.0000,0.0000000000
RL4,13101,13697,12890,13273,12199,12573,13180,12780,12259,12006,11286,12866,12675.8333,0.0092771643
RLQ,6127,6533,6051,6152,5824,5902,6115,6074,6159,5515,5233,6143,5985.6667,0.0043807781
RLT,6653,6977,7038,6856,6068,6493,6953,7489,7472,6748,6292,7182,6851.7500,0.0050146455
RM1,11148,12332,12047,12293,12009,12146,12575,12235,12479,12018,10792,12804,12073.1667,0.0088360858
RM3,24552,26332,25044,25778,23316,24649,26692,26130,25637,24521,22781,25828,25105.0000,0.0183737987
RMC,7570,8039,7628,7835,7196,7821,8453,8295,8125,7790,7278,8326,7863.0000,0.0057547572
RMP,7768,8711,8285,8799,7648,8525,9228,8628,8801,8430,7669,8845,8444.7500,0.0061805272
RN3,5212,5587,5418,5525,5235,5531,5742,5572,5708,5176,4962,5662,5444.1667,0.0039844661
RN5,12107,13010,12260,12578,11978,12291,13049,11951,11092,10341,9858,11387,11825.1667,0.0086545800
RN7,10890,11876,11218,11348,10046,10507,11331,11574,12287,11094,10568,11705,11203.6667,0.0081997178
RNA,9265,9799,9071,9105,8675,9183,10125,9439,9333,8787,8415,10115,9276.0000,0.0067889009
RNN,8482,9427,9054,9375,8417,8784,9056,8745,8890,8129,7764,8917,8753.3333,0.0064063726
RNQ,9087,9967,9604,9884,9006,9328,9809,10036,10450,9817,8945,10262,9682.9167,0.0070867143
RNS,11308,11615,10551,10662,9338,9886,10232,9745,9144,8461,7851,9114,9825.5833,0.0071911289
RNU,0,0,0,0,0,0,0,0,0,0,0,0,0.0000,0.0000000000
RNZ,4179,4554,4628,4932,4489,4560,4690,4604,4682,4372,4104,4750,4545.3333,0.0033266297
RP5,12754,14013,13676,13840,12903,13144,13574,13455,13547,13236,12394,14073,13384.0833,0.0097955169
RP6,0,0,0,0,0,0,0,0,0,0,0,0,0.0000,0.0000000000
RPA,8540,9403,9024,9054,8254,7925,9262,9121,8605,8263,7722,9157,8694.1667,0.0063630698
RPC,0,0,0,0,0,0,0,0,0,0,0,0,0.0000,0.0000000000
RQ3,5028,5569,5243,4997,3730,4571,5637,6522,5924,4731,4700,5330,5165.1667,0.0037802722
RQM,18886,20387,19566,19890,17554,18856,19934,19742,20077,19579,17620,20043,19344.5000,0.0141578151
RQW,7323,8607,8277,8469,7939,8169,8389,7812,8022,7889,7328,8544,8064.0000,0.0059018647
RQX,10569,11636,11192,11481,10373,10778,11338,10909,11152,10961,10056,11231,10973.0000,0.0080308979
RR7,5637,5873,5684,6017,5352,5764,6465,6257,6573,5878,5241,5879,5885.0000,0.0043071024
RR8,16864,18663,17347,17341,16116,17191,18217,18099,17787,16895,16141,18011,17389.3333,0.0127268715
RRF,7150,7563,6925,7301,6825,7174,7459,7061,7302,7069,6655,6924,7117.3333,0.0052090201
RRK,32656,35332,33686,34297,31490,32456,35181,35046,35503,33067,31058,34819,33715.9167,0.0246759396
RRV,12195,13474,12631,13213,12262,12555,13764,13190,12822,12580,11981,13584,12854.2500,0.0094077435
RTD,11690,12756,11911,12099,11019,12114,13523,12663,12259,11656,11293,12877,12155.0000,0.0088959778
RTE,12328,13362,12603,12612,12375,12384,13122,13057,13604,12179,11528,13604,12729.8333,0.0093166857
RTF,9458,10015,9433,9996,8979,9435,10277,9857,10600,9372,8770,10277,9705.7500,0.0071034255
RTG,20711,22167,21447,21344,19069,19298,20565,20055,19558,17941,16929,19603,19890.5833,0.0145574815
RTH,11325,12430,12092,11911,11262,11866,12988,12714,12478,11828,11154,12850,12074.8333,0.0088373056
RTK,9838,10511,10146,10039,9097,9511,10318,10468,10917,10059,9225,10757,10073.8333,0.0073728176
RTP,10191,10800,10487,10561,9840,10289,10996,11192,11305,9612,9094,10472,10403.2500,0.0076139104
RTQ,0,0,0,0,0,0,0,0,0,0,0,0,0.0000,0.0000000000
RTR,7825,8252,7245,7444,7068,7368,7962,7812,7836,7207,6667,7561,7520.5833,0.0055041499
RTX,8617,9793,9084,9254,8644,8817,9335,9073,9034,8682,8117,9464,8992.8333,0.0065816574
RV9,0,0,0,0,0,0,0,0,0,0,0,0,0.0000,0.0000000000
RVJ,8952,9493,9090,8986,8834,8865,9291,9087,8633,8183,7931,9208,8879.4167,0.0064986502
RVR,10936,11500,11286,11361,10029,10698,11283,11520,11728,10516,9712,11405,10997.8333,0.0080490729
RVV,12256,13011,12539,13166,12131,12772,13636,13201,14042,12952,11788,12820,12859.5000,0.0094115859
RVW,4459,4879,4588,4789,4447,4549,4918,5092,5315,4804,4546,5014,4783.3333,0.0035008167
RW1,0,0,0,0,0,0,0,0,0,0,0,0,0.0000,0.0000000000
RW4,0,0,0,0,0,0,0,0,0,0,0,0,0.0000,0.0000000000
RWA,8942,9392,9116,9464,8912,9040,9919,9659,9511,8707,8151,9198,9167.5833,0.0067095531
RWD,9608,10453,9852,10123,9359,9451,10357,10824,11294,15569,14759,16558,11517.2500,0.0084292226
RWE,21378,23188,22235,21025,20272,21307,22203,23225,22293,21070,19778,22642,21718.0000,0.0158949277
RWF,17938,18736,17973,18284,16301,17850,18434,18553,19326,17894,16890,18303,18040.1667,0.0132032022
RWG,8081,8347,8128,8151,7704,7912,8674,8588,8756,8229,7727,8729,8252.1667,0.0060395797
RWH,8880,9531,9180,9438,8325,8558,9362,9357,9297,8687,8035,9225,8989.5833,0.0065792788
RWJ,7129,8148,7762,8420,7521,7871,7968,7857,7831,7893,6843,8213,7788.0000,0.0056998663
RWP,12732,13286,12929,12966,12435,12531,13269,13411,13483,12351,11492,13805,12890.8333,0.0094345181
RWW,6727,7412,6731,6856,6457,6727,7216,6927,6888,6551,6149,7025,6805.5000,0.0049807961
RWX,0,0,0,0,0,0,0,0,0,0,0,0,0.0000,0.0000000000
RWY,15028,16416,15680,15931,14746,14877,15686,15295,16032,14485,14096,16307,15381.5833,0.0112574434
RX1,14649,16556,15585,15769,14080,14885,16524,16379,16345,15464,14519,13574,15360.7500,0.0112421959
RXC,9911,10590,10391,10715,8411,8075,8782,8336,8642,7612,7068,8795,8944.0000,0.0065459174
RXF,17513,17925,16962,16592,15391,15790,16821,16762,16641,15436,14812,17104,16479.0833,0.0120606795
RXG,0,0,0,0,0,0,0,0,0,0,0,0,0.0000,0.0000000000
RXK,14441,15997,14968,14968,13740,14245,13983,12424,11365,10692,10207,11411,13203.4167,0.0096632910
RXL,8434,9230,8724,9152,8668,8420,8970,8663,9075,8263,7854,8950,8700.2500,0.0063675221
RXN,11493,12522,11893,12244,11392,11724,12022,12214,12019,11443,10449,12058,11789.4167,0.0086284154
RXP,12647,13555,12780,12782,12196,12324,13500,13207,12913,12293,11724,13515,12786.3333,0.0093580368
RXQ,9767,10475,10035,10262,9083,9751,11010,10655,10785,10375,9887,11141,10268.8333,0.0075155338
RXR,12318,13526,12826,13481,12519,13080,13289,13334,13318,12294,11973,13340,12941.5000,0.0094715999
RXW,10713,11073,10501,10516,10059,10075,10608,10500,10473,9443,9128,11111,10350.0000,0.0075749379
RY2,0,0,0,0,0,0,0,0,0,0,0,0,0.0000,0.0000000000
RY4,0,0,0,0,0,0,0,0,0,0,0,0,0.0000,0.0000000000
RY5,0,0,0,0,0,0,0,0,0,0,0,0,0.0000,0.0000000000
RY7,0,0,0,0,0,0,0,0,0,0,0,0,0.0000,0.0000000000
RY8,0,0,0,0,0,0,0,0,0,0,0,0,0.0000,0.0000000000
RYF,0,0,0,0,0,0,0,0,0,0,0,0,0.0000,0.0000000000
RYG,0,0,0,0,0,0,0,0,0,0,0,0,0.0000,0.0000000000
RYJ,11395,12378,11912,11938,10815,11584,12400,11799,12417,12227,11067,12089,11835.0833,0.0086618378
RYR,21306,22985,21846,22708,21299,21377,22675,22593,23249,24951,23507,26658,22929.5000,0.0167815980
RYX,0,0,0,0,0,0,0,0,0,0,0,0,0.0000,0.0000000000
RYY,0,0,0,0,0,0,0,0,0,0,0,0,0.0000,0.0000000000
