TrustCode,TrustName,catchment_adult,catchment_child,catchment_total,catchment_prop_of_total_sum,prop_adult,prop_child
R0A,Manchester University NHS Foundation Trust,874071.40,326092.60,1200164.00,0.0212267457,0.728293,0.271707
R0B,South Tyneside And Sunderland NHS Foundation Trust,362308.60,73030.40,435339.00,0.0076996396,0.832245,0.167755
R0D,University Hospitals Dorset NHS Foundation Trust,495685.40,91220.60,586906.00,0.0103803350,0.844574,0.155426
R1F,Isle Of Wight NHS Trust,111238.40,22527.60,133766.00,0.0023658574,0.831589,0.168411
R1H,Barts Health NHS Trust,1018816.60,276858.40,1295675.00,0.0229160046,0.786321,0.213679
R1K,London North West University Healthcare NHS Trust,593436.00,119326.00,712762.00,0.0126062919,0.832586,0.167414
RA2,Royal Surrey County Hospital NHS Foundation Trust,276868.60,64008.40,340877.00,0.0060289339,0.812224,0.187776
RA4,Yeovil District Hospital NHS Foundation Trust,150165.00,30123.00,180288.00,0.0031886705,0.832917,0.167083
RA7,University Hospitals Bristol And Weston NHS Foundation Trust,422796.00,192660.00,615456.00,0.0108852857,0.686964,0.313036
RA9,Torbay And South Devon NHS Foundation Trust,232213.00,42987.00,275200.00,0.0048673351,0.843797,0.156203
RAE,Bradford Teaching Hospitals NHS Foundation Trust,330111.20,102374.80,432486.00,0.0076491799,0.763288,0.236712
RAJ,Mid And South Essex NHS Foundation Trust,944922.40,217770.60,1162693.00,0.0205640134,0.812702,0.187298
RAL,Royal Free London NHS Foundation Trust,555881.40,122627.60,678509.00,0.0120004749,0.819269,0.180731
RAN,Royal National Orthopaedic Hospital NHS Trust,6545.20,1616.80,8162.00,0.0001443575,0.801911,0.198089
RAP,North Middlesex University Hospital NHS Trust,240572.20,88005.80,328578.00,0.0058114071,0.732162,0.267838
RAS,The Hillingdon Hospitals NHS Foundation Trust,185591.60,70431.40,256023.00,0.0045281604,0.724902,0.275098
RAX,Kingston Hospital NHS Foundation Trust,271664.40,84661.60,356326.00,0.0063021732,0.762404,0.237596
RBD,Dorset County Hospital NHS Foundation Trust,156840.00,32577.00,189417.00,0.0033501309,0.828014,0.171986
RBK,Walsall Healthcare NHS Trust,218471.60,52462.40,270934.00,0.0047918844,0.806365,0.193635
RBL,Wirral University Teaching Hospital NHS Foundation Trust,260715.00,57500.00,318215.00,0.0056281216,0.819305,0.180695
RBN,St Helens And Knowsley Teaching Hospitals NHS Trust,321524.80,51989.20,373514.00,0.0066061694,0.860811,0.139189
RBQ,Liverpool Heart And Chest Hospital NHS Foundation Trust,24700.40,42.60,24743.00,0.0004376180,0.998278,0.001722
RBS,Alder Hey Children's NHS Foundation Trust,9526.40,160696.60,170223.00,0.0030106555,0.055964,0.944036
RBT,Mid Cheshire Hospitals NHS Foundation Trust,226980.20,50748.80,277729.00,0.0049120644,0.817272,0.182728
RBV,The Christie NHS Foundation Trust,79447.60,133.40,79581.00,0.0014075123,0.998324,0.001676
RBZ,Northern Devon Healthcare NHS Trust,136222.40,30362.60,166585.00,0.0029463119,0.817735,0.182265
RC9,Bedfordshire Hospitals NHS Foundation Trust,494647.00,139540.00,634187.00,0.0112165722,0.779970,0.220030
RCB,York And Scarborough Teaching Hospitals NHS Foundation Trust,453236.80,91399.20,544636.00,0.0096327251,0.832183,0.167817
RCD,Harrogate And District NHS Foundation Trust,140475.00,32910.00,173385.00,0.0030665803,0.810191,0.189809
RCF,Airedale NHS Foundation Trust,151163.20,35900.80,187064.00,0.0033085145,0.808083,0.191917
RCU,Sheffield Children's NHS Foundation Trust,7237.00,126233.00,133470.00,0.0023606222,0.054222,0.945778
RCX,"The Queen Elizabeth Hospital, King's Lynn, NHS Foundation Trust",195422.20,39699.80,235122.00,0.0041584941,0.831152,0.168848
RD1,Royal United Hospitals Bath NHS Foundation Trust,360950.40,82237.60,443188.00,0.0078384612,0.814441,0.185559
RD8,Milton Keynes University Hospital NHS Foundation Trust,226890.00,70690.00,297580.00,0.0052631598,0.762450,0.237550
RDE,East Suffolk And North Essex NHS Foundation Trust,580280.40,132643.60,712924.00,0.0126091571,0.813944,0.186056
RDU,Frimley Health NHS Foundation Trust,644687.60,163795.40,808483.00,0.0142992650,0.797404,0.202596
REF,Royal Cornwall Hospitals NHS Trust,373109.00,82387.00,455496.00,0.0080561471,0.819127,0.180873
REM,Liverpool University Hospitals NHS Foundation Trust,579142.00,7177.00,586319.00,0.0103699530,0.987759,0.012241
REN,The Clatterbridge Cancer Centre NHS Foundation Trust,11237.40,21.60,11259.00,0.0001991327,0.998082,0.001918
REP,Liverpool Women's NHS Foundation Trust,9155.00,683.00,9838.00,0.0001740002,0.930575,0.069425
RET,The Walton Centre NHS Foundation Trust,17565.00,98.00,17663.00,0.0003123973,0.994452,0.005548
RF4,"Barking, Havering And Redbridge University Hospitals NHS Trust",452697.20,128754.80,581452.00,0.0102838726,0.778563,0.221437
RFF,Barnsley Hospital NHS Foundation Trust,188374.60,44245.40,232620.00,0.0041142424,0.809795,0.190205
RFR,The Rotherham NHS Foundation Trust,186496.60,40999.40,227496.00,0.0040236166,0.819780,0.180220
RFS,Chesterfield Royal Hospital NHS Foundation Trust,224329.20,46543.80,270873.00,0.0047908055,0.828171,0.171829
RGM,Royal Papworth Hospital NHS Foundation Trust,23051.80,53.20,23105.00,0.0004086475,0.997697,0.002303
RGN,North West Anglia NHS Foundation Trust,437023.60,118964.40,555988.00,0.0098335026,0.786031,0.213969
RGP,James Paget University Hospitals NHS Foundation Trust,175112.80,35516.20,210629.00,0.0037252977,0.831380,0.168620
RGR,West Suffolk NHS Foundation Trust,216705.00,51880.00,268585.00,0.0047503387,0.806840,0.193160
RGT,Cambridge University Hospitals NHS Foundation Trust,427774.20,94540.80,522315.00,0.0092379439,0.818997,0.181003
RH5,Somerset NHS Foundation Trust,276308.80,57382.20,333691.00,0.0059018384,0.828038,0.171962
RH8,Royal Devon And Exeter NHS Foundation Trust,350848.60,72851.40,423700.00,0.0074937860,0.828059,0.171941
RHM,University Hospital Southampton NHS Foundation Trust,466023.40,119070.60,585094.00,0.0103482870,0.796493,0.203507
RHQ,Sheffield Teaching Hospitals NHS Foundation Trust,571561.00,9228.00,580789.00,0.0102721465,0.984111,0.015889
RHU,Portsmouth Hospitals University National Health Service Trust,484476.40,101374.60,585851.00,0.0103616757,0.826962,0.173038
RHW,Royal Berkshire NHS Foundation Trust,365920.00,92671.00,458591.00,0.0081108869,0.797922,0.202078
RJ1,Guy's And St Thomas' NHS Foundation Trust,520536.60,95570.40,616107.00,0.0108967996,0.844880,0.155120
RJ2,Lewisham And Greenwich NHS Trust,459769.60,142206.40,601976.00,0.0106468711,0.763767,0.236233
RJ6,Croydon Health Services NHS Trust,204794.80,59977.20,264772.00,0.0046828999,0.773476,0.226524
RJ7,St George's University Hospitals NHS Foundation Trust,477951.40,119291.60,597243.00,0.0105631608,0.800263,0.199737
RJC,South Warwickshire NHS Foundation Trust,199492.20,46495.80,245988.00,0.0043506760,0.810983,0.189017
RJE,University Hospitals Of North Midlands NHS Trust,589014.00,114471.00,703485.00,0.0124422139,0.837280,0.162720
RJL,Northern Lincolnshire And Goole NHS Foundation Trust,310302.60,69179.40,379482.00,0.0067117226,0.817700,0.182300
RJN,East Cheshire NHS Trust,111775.60,29098.40,140874.00,0.0024915733,0.793444,0.206556
RJR,Countess Of Chester Hospital NHS Foundation Trust,163556.60,37137.40,200694.00,0.0035495820,0.814955,0.185045
RJZ,King's College Hospital NHS Foundation Trust,532686.20,127686.80,660373.00,0.0116797119,0.806644,0.193356
RK5,Sherwood Forest Hospitals NHS Foundation Trust,271129.60,67005.40,338135.00,0.0059804374,0.801838,0.198162
RK9,University Hospitals Plymouth NHS Trust,399389.60,80123.40,479513.00,0.0084809247,0.832907,0.167093
RKB,University Hospitals Coventry And Warwickshire NHS Trust,496775.00,123790.00,620565.00,0.0109756462,0.800520,0.199480
RKE,Whittington Health NHS Trust,184008.80,54497.20,238506.00,0.0042183453,0.771506,0.228494
RL1,The Robert Jones And Agnes Hunt Orthopaedic Hospital NHS Foundation Trust,6332.00,192.00,6524.00,0.0001153870,0.970570,0.029430
RL4,The Royal Wolverhampton NHS Trust,332430.20,84785.80,417216.00,0.0073791065,0.796782,0.203218
RLQ,Wye Valley NHS Trust,157947.40,33269.60,191217.00,0.0033819667,0.826011,0.173989
RLT,George Eliot Hospital NHS Trust,125733.60,11766.40,137500.00,0.0024318989,0.914426,0.085574
RM1,Norfolk And Norwich University Hospitals NHS Foundation Trust,509541.40,108262.60,617804.00,0.0109268137,0.824762,0.175238
RM3,Northern Care Alliance NHS Foundation Trust,413040.80,33903.20,446944.00,0.0079048918,0.924144,0.075856
RMC,Bolton NHS Foundation Trust,259228.40,80063.60,339292.00,0.0060009007,0.764027,0.235973
RMP,Tameside And Glossop Integrated Care NHS Foundation Trust,201121.20,48060.80,249182.00,0.0044071668,0.807126,0.192874
RN3,Great Western Hospitals NHS Foundation Trust,310336.20,72803.80,383140.00,0.0067764200,0.809981,0.190019
RN5,Hampshire Hospitals NHS Foundation Trust,376356.80,87240.20,463597.00,0.0081994258,0.811819,0.188181
RN7,Dartford And Gravesham NHS Trust,255030.80,66583.20,321614.00,0.0056882381,0.792972,0.207028
RNA,The Dudley Group NHS Foundation Trust,284721.40,62486.60,347208.00,0.0061409073,0.820031,0.179969
RNN,North Cumbria Integrated Care NHS Foundation Trust,257887.80,53548.20,311436.00,0.0055082245,0.828060,0.171940
RNQ,Kettering General Hospital NHS Foundation Trust,237298.60,62238.40,299537.00,0.0052977724,0.792218,0.207782
RNS,Northampton General Hospital NHS Trust,305870.40,77018.60,382889.00,0.0067719807,0.798849,0.201151
RNZ,Salisbury NHS Foundation Trust,184895.80,44663.20,229559.00,0.0040601039,0.805439,0.194561
RP4,Great Ormond Street Hospital For Children NHS Foundation Trust,2415.20,28142.80,30558.00,0.0005404652,0.079037,0.920963
RP5,Doncaster And Bassetlaw Teaching Hospitals NHS Foundation Trust,346238.40,75165.60,421404.00,0.0074531777,0.821631,0.178369
RP6,Moorfields Eye Hospital NHS Foundation Trust,31234.20,647.80,31882.00,0.0005638822,0.979681,0.020319
RPA,Medway NHS Foundation Trust,278251.60,84380.40,362632.00,0.0064137045,0.767311,0.232689
RPC,Queen Victoria Hospital NHS Foundation Trust,81360.60,35973.40,117334.00,0.0020752322,0.693410,0.306590
RPY,The Royal Marsden NHS Foundation Trust,26826.60,1173.40,28000.00,0.0004952231,0.958093,0.041907
RQ3,Birmingham Women's And Children's NHS Foundation Trust,25589.00,179324.00,204913.00,0.0036242015,0.124877,0.875123
RQM,Chelsea And Westminster Hospital NHS Foundation Trust,494625.00,159625.00,654250.00,0.0115714172,0.756018,0.243982
RQW,The Princess Alexandra Hospital NHS Trust,250843.20,60358.80,311202.00,0.0055040859,0.806046,0.193954
RQX,Homerton University Hospital NHS Foundation Trust,194770.80,45092.20,239863.00,0.0042423460,0.812009,0.187991
RR7,Gateshead Health NHS Foundation Trust,149729.40,24423.60,174153.00,0.0030801636,0.859758,0.140242
RR8,Leeds Teaching Hospitals NHS Trust,644095.40,149863.60,793959.00,0.0140423857,0.811245,0.188755
RRF,"Wrightington, Wigan And Leigh NHS Foundation Trust",229154.60,43463.40,272618.00,0.0048216685,0.840570,0.159430
RRJ,The Royal Orthopaedic Hospital NHS Foundation Trust,5408.00,233.00,5641.00,0.0000997698,0.958695,0.041305
RRK,University Hospitals Birmingham NHS Foundation Trust,1114307.60,159507.40,1273815.00,0.0225293769,0.874780,0.125220
RRV,University College London Hospitals NHS Foundation Trust,353935.20,41310.80,395246.00,0.0069905332,0.895481,0.104519
RTD,The Newcastle Upon Tyne Hospitals NHS Foundation Trust,433322.20,125178.80,558501.00,0.0098779489,0.775866,0.224134
RTE,Gloucestershire Hospitals NHS Foundation Trust,491248.20,108456.80,599705.00,0.0106067050,0.819150,0.180850
RTF,Northumbria Healthcare NHS Foundation Trust,364691.00,57347.00,422038.00,0.0074643909,0.864119,0.135881
RTG,University Hospitals Of Derby And Burton NHS Foundation Trust,640533.20,142427.80,782961.00,0.0138478691,0.818091,0.181909
RTH,Oxford University Hospitals NHS Foundation Trust,640965.20,148114.80,789080.00,0.0139560931,0.812294,0.187706
RTK,Ashford And St Peter's Hospitals NHS Foundation Trust,235860.60,58763.40,294624.00,0.0052108784,0.800548,0.199452
RTP,Surrey And Sussex Healthcare NHS Trust,319731.40,71578.60,391310.00,0.0069209190,0.817080,0.182920
RTR,South Tees Hospitals NHS Foundation Trust,363736.80,75085.20,438822.00,0.0077612418,0.828894,0.171106
RTX,University Hospitals Of Morecambe Bay NHS Foundation Trust,279269.40,56673.60,335943.00,0.0059416685,0.831300,0.168700
RVJ,North Bristol NHS Trust,454756.00,6190.00,460946.00,0.0081525387,0.986571,0.013429
RVR,Epsom And St Helier University Hospitals NHS Trust,307191.60,73635.40,380827.00,0.0067355110,0.806643,0.193357
RVV,East Kent Hospitals University NHS Foundation Trust,564268.40,122016.60,686285.00,0.0121380054,0.822207,0.177793
RVW,North Tees And Hartlepool NHS Foundation Trust,246191.40,56074.60,302266.00,0.0053460390,0.814486,0.185514
RVY,Southport And Ormskirk Hospital NHS Trust,155239.20,43084.80,198324.00,0.0035076649,0.782755,0.217245
RWA,Hull University Teaching Hospitals NHS Trust,441915.40,94392.60,536308.00,0.0094854316,0.823996,0.176004
RWD,United Lincolnshire Hospitals NHS Trust,454837.80,96222.20,551060.00,0.0097463434,0.825387,0.174613
RWE,University Hospitals Of Leicester NHS Trust,745489.00,178809.00,924298.00,0.0163476313,0.806546,0.193454
RWF,Maidstone And Tunbridge Wells NHS Trust,432879.00,86582.00,519461.00,0.0091874665,0.833323,0.166677
RWG,West Hertfordshire Teaching Hospitals NHS Trust,330783.40,84049.60,414833.00,0.0073369594,0.797389,0.202611
RWH,East And North Hertfordshire NHS Trust,375217.40,99349.60,474567.00,0.0083934471,0.790652,0.209348
RWJ,Stockport NHS Foundation Trust,258490.80,58901.20,317392.00,0.0056135655,0.814421,0.185579
RWP,Worcestershire Acute Hospitals NHS Trust,441314.60,92414.40,533729.00,0.0094398180,0.826851,0.173149
RWW,Warrington And Halton Teaching Hospitals NHS Foundation Trust,214830.20,49703.80,264534.00,0.0046786905,0.812108,0.187892
RWY,Calderdale And Huddersfield NHS Foundation Trust,342813.20,81214.80,424028.00,0.0074995872,0.808468,0.191532
RX1,Nottingham University Hospitals NHS Trust,702902.20,162020.80,864923.00,0.0152974931,0.812676,0.187324
RXC,East Sussex Healthcare NHS Trust,315467.00,61193.00,376660.00,0.0066618112,0.837538,0.162462
RXF,Mid Yorkshire Hospitals NHS Trust,446241.20,116316.80,562558.00,0.0099497032,0.793236,0.206764
RXK,Sandwell And West Birmingham Hospitals NHS Trust,333250.80,88695.20,421946.00,0.0074627638,0.789795,0.210205
RXL,Blackpool Teaching Hospitals NHS Foundation Trust,264868.60,51357.40,316226.00,0.0055929430,0.837593,0.162407
RXN,Lancashire Teaching Hospitals NHS Foundation Trust,343202.20,77654.80,420857.00,0.0074435031,0.815484,0.184516
RXP,County Durham And Darlington NHS Foundation Trust,414069.40,92956.60,507026.00,0.0089675344,0.816663,0.183337
RXQ,Buckinghamshire Healthcare NHS Trust,312647.40,91137.60,403785.00,0.0071415586,0.774292,0.225708
RXR,East Lancashire Hospitals NHS Trust,388318.60,103746.40,492065.00,0.0087029261,0.789161,0.210839
RXW,The Shrewsbury And Telford Hospital NHS Trust,371893.40,85777.60,457671.00,0.0080946153,0.812578,0.187422
RYJ,Imperial College Healthcare NHS Trust,472894.40,95767.60,568662.00,0.0100576618,0.831591,0.168409
RYR,University Hospitals Sussex NHS Foundation Trust,836827.20,177744.80,1014572.00,0.0179442658,0.824808,0.175192
